2025-06-20 11:16:26 +0000  Initial pipeline context: <IDEDistributionProcessingPipelineContext: 0x3e820a820; archive(resolved)="<IDEArchive: 0x60000fa093b0>", distributionTask(resolved)="2", distributionDestination(resolved)="1", distributionMethod(resolved)="<IDEDistributionMethodiOSAdHoc: 0x6000012dfa40>", team(resolved)="<IDEProvisioningDisambiguatableBasicTeam: 0x6000048c2e00; teamID='7858VWW5K7', teamName='Jsimple LLC', teamType='Company', username='info@jsimple.com', isFreeProvisioningTeam='0'>">
	Chain (15, self inclusive):
	<IDEDistributionProcessingPipelineContext: 0x3e820a820; archive = "<IDEArchive: 0x60000fa093b0>", distributionMethod="<IDEDistributionMethodiOSAdHoc: 0x6000012dfa40>", team="<IDEProvisioningDisambiguatableBasicTeam: 0x6000048c2e00; teamID='7858VWW5K7', teamName='Jsimple LLC', teamType='Company', username='info@jsimple.com', isFreeProvisioningTeam='0'>">
	<IDEDistributionProcessingPipelineContext: 0x3e820a390; archive = "<IDEArchive: 0x60000fa093b0>", distributionMethod="<IDEDistributionMethodiOSAdHoc: 0x6000012dfa40>", team="<IDEProvisioningDisambiguatableBasicTeam: 0x6000048c2e00; teamID='7858VWW5K7', teamName='Jsimple LLC', teamType='Company', username='info@jsimple.com', isFreeProvisioningTeam='0'>">
	<IDEDistributionContext: 0x3e8226140; archive = "<IDEArchive: 0x60000fa093b0>", distributionMethod="<IDEDistributionMethodiOSAdHoc: 0x6000012dfa40>", team="<IDEProvisioningDisambiguatableBasicTeam: 0x6000048c2e00; teamID='7858VWW5K7', teamName='Jsimple LLC', teamType='Company', username='info@jsimple.com', isFreeProvisioningTeam='0'>">
	<IDEDistributionContext: 0x3e4f6eee0; archive = "<IDEArchive: 0x60000fa093b0>", distributionMethod="<IDEDistributionMethodiOSAdHoc: 0x6000012dfa40>", team="<IDEProvisioningDisambiguatableBasicTeam: 0x6000048c2e00; teamID='7858VWW5K7', teamName='Jsimple LLC', teamType='Company', username='info@jsimple.com', isFreeProvisioningTeam='0'>">
	<IDEDistributionContext: 0x3e341cfc0; archive = "<IDEArchive: 0x60000fa093b0>", distributionMethod="<IDEDistributionMethodiOSAdHoc: 0x6000012dfa40>", team="<IDEProvisioningDisambiguatableBasicTeam: 0x6000048c2e00; teamID='7858VWW5K7', teamName='Jsimple LLC', teamType='Company', username='info@jsimple.com', isFreeProvisioningTeam='0'>">
	<IDEDistributionContext: 0x3e341cdb0; archive = "<IDEArchive: 0x60000fa093b0>", distributionMethod="<IDEDistributionMethodiOSAdHoc: 0x6000012dfa40>", team="<IDEProvisioningDisambiguatableBasicTeam: 0x6000048c2e00; teamID='7858VWW5K7', teamName='Jsimple LLC', teamType='Company', username='info@jsimple.com', isFreeProvisioningTeam='0'>">
	<IDEDistributionContext: 0x3c8a70930; archive = "<IDEArchive: 0x60000fa093b0>", distributionMethod="<IDEDistributionMethodiOSAdHoc: 0x6000012dfa40>", team="<IDEProvisioningDisambiguatableBasicTeam: 0x6000048c2e00; teamID='7858VWW5K7', teamName='Jsimple LLC', teamType='Company', username='info@jsimple.com', isFreeProvisioningTeam='0'>">
	<IDEDistributionContext: 0x3c8ac5a40; archive = "<IDEArchive: 0x60000fa093b0>", distributionMethod="<IDEDistributionMethodiOSAdHoc: 0x6000012dfa40>", team="<IDEProvisioningDisambiguatableBasicTeam: 0x6000048c2e00; teamID='7858VWW5K7', teamName='Jsimple LLC', teamType='Company', username='info@jsimple.com', isFreeProvisioningTeam='0'>">
	<IDEDistributionContext: 0x3e82ce8f0; archive = "<IDEArchive: 0x60000fa093b0>", distributionMethod="<IDEDistributionMethodiOSAdHoc: 0x6000012dfa40>", team="<IDEProvisioningDisambiguatableBasicTeam: 0x6000048c2e00; teamID='7858VWW5K7', teamName='Jsimple LLC', teamType='Company', username='info@jsimple.com', isFreeProvisioningTeam='0'>">
	<IDEDistributionContext: 0x3ced73fb0; archive = "<IDEArchive: 0x60000fa093b0>", distributionMethod="<IDEDistributionMethodiOSAdHoc: 0x6000012dfa40>", team="(null)">
	<IDEDistributionContext: 0x3e82ce4a0; archive = "<IDEArchive: 0x60000fa093b0>", distributionMethod="<IDEDistributionMethodiOSAdHoc: 0x6000012dfa40>", team="(null)">
	<IDEDistributionContext: 0x3e82ce290; archive = "<IDEArchive: 0x60000fa093b0>", distributionMethod="<IDEDistributionMethodiOSAdHoc: 0x6000012dfa40>", team="(null)">
	<IDEDistributionContext: 0x310fcaed0; archive = "<IDEArchive: 0x60000fa093b0>", distributionMethod="<IDEDistributionMethodiOSAdHoc: 0x6000012dfa40>", team="(null)">
	<IDEDistributionContext: 0x3e83aafc0; archive = "<IDEArchive: 0x60000fa093b0>", distributionMethod="(null)", team="(null)">
	<IDEDistributionContext: 0x3e2ef87f0; archive = "<IDEArchive: 0x60000fa093b0>", distributionMethod="(null)", team="(null)">
</IDEDistributionProcessingPipelineContext: 0x3e820a820>
2025-06-20 11:16:26 +0000  Processing step: IDEDistributionCreateDestRootStep
2025-06-20 11:16:26 +0000  Processing step: IDEDistributionCopyItemStep
2025-06-20 11:16:26 +0000  Running /usr/bin/ditto '-V' '/Users/saurabh/Library/Developer/Xcode/Archives/2025-06-20/HrOnTips 6-20-25, 4.46 PM.xcarchive/Products/Applications/HrOnTips.app' '/var/folders/7b/td5rhl0n0q77zm2zg4c8yqgc0000gp/T/XcodeDistPipeline.~~~E9USoK/Root/Payload/HrOnTips.app'
2025-06-20 11:16:26 +0000  >>> Copying /Users/saurabh/Library/Developer/Xcode/Archives/2025-06-20/HrOnTips 6-20-25, 4.46 PM.xcarchive/Products/Applications/HrOnTips.app 
2025-06-20 11:16:26 +0000  copying file ./_CodeSignature/CodeResources ... 
2025-06-20 11:16:26 +0000  89570 bytes for ./_CodeSignature/CodeResources
2025-06-20 11:16:26 +0000  copying file ./WorkSans-Regular.ttf ... 
2025-06-20 11:16:26 +0000  135828 bytes for ./WorkSans-Regular.ttf
2025-06-20 11:16:26 +0000  copying file ./Fontisto.ttf ... 
2025-06-20 11:16:26 +0000  313528 bytes for ./Fontisto.ttf
2025-06-20 11:16:26 +0000  copying file ./Octicons.ttf ... 
2025-06-20 11:16:26 +0000  49404 bytes for ./Octicons.ttf
2025-06-20 11:16:26 +0000  copying file ./Feather.ttf ... 
2025-06-20 11:16:26 +0000  56228 bytes for ./Feather.ttf
2025-06-20 11:16:26 +0000  copying file ./WorkSans-Light.ttf ... 
2025-06-20 11:16:26 +0000  136980 bytes for ./WorkSans-Light.ttf
2025-06-20 11:16:26 +0000  copying file ./Entypo.ttf ... 
2025-06-20 11:16:26 +0000  66200 bytes for ./Entypo.ttf
2025-06-20 11:16:26 +0000  copying file ./WorkSans-ExtraBold.ttf ... 
2025-06-20 11:16:26 +0000  146244 bytes for ./WorkSans-ExtraBold.ttf
2025-06-20 11:16:26 +0000  copying file ./QBImagePicker.bundle/de.lproj/QBImagePicker.strings ... 
2025-06-20 11:16:26 +0000  1131 bytes for ./QBImagePicker.bundle/de.lproj/QBImagePicker.strings
2025-06-20 11:16:26 +0000  copying file ./QBImagePicker.bundle/zh-Hans.lproj/QBImagePicker.strings ... 
2025-06-20 11:16:26 +0000  1119 bytes for ./QBImagePicker.bundle/zh-Hans.lproj/QBImagePicker.strings
2025-06-20 11:16:26 +0000  copying file ./QBImagePicker.bundle/ja.lproj/QBImagePicker.strings ... 
2025-06-20 11:16:26 +0000  1214 bytes for ./QBImagePicker.bundle/ja.lproj/QBImagePicker.strings
2025-06-20 11:16:26 +0000  copying file ./QBImagePicker.bundle/en.lproj/QBImagePicker.strings ... 
2025-06-20 11:16:26 +0000  1064 bytes for ./QBImagePicker.bundle/en.lproj/QBImagePicker.strings
2025-06-20 11:16:26 +0000  copying file ./QBImagePicker.bundle/uk.lproj/QBImagePicker.strings ... 
2025-06-20 11:16:26 +0000  1398 bytes for ./QBImagePicker.bundle/uk.lproj/QBImagePicker.strings
2025-06-20 11:16:26 +0000  copying file ./QBImagePicker.bundle/QBImagePicker.storyboardc/QiH-NZ-ZGN-view-sD2-zK-ryo.nib/runtime.nib ... 
2025-06-20 11:16:26 +0000  10065 bytes for ./QBImagePicker.bundle/QBImagePicker.storyboardc/QiH-NZ-ZGN-view-sD2-zK-ryo.nib/runtime.nib
2025-06-20 11:16:26 +0000  copying file ./QBImagePicker.bundle/QBImagePicker.storyboardc/QiH-NZ-ZGN-view-sD2-zK-ryo.nib/objects-12.3+.nib ... 
2025-06-20 11:16:26 +0000  10292 bytes for ./QBImagePicker.bundle/QBImagePicker.storyboardc/QiH-NZ-ZGN-view-sD2-zK-ryo.nib/objects-12.3+.nib
2025-06-20 11:16:26 +0000  copying file ./QBImagePicker.bundle/QBImagePicker.storyboardc/QBAlbumsViewController.nib/runtime.nib ... 
2025-06-20 11:16:26 +0000  1800 bytes for ./QBImagePicker.bundle/QBImagePicker.storyboardc/QBAlbumsViewController.nib/runtime.nib
2025-06-20 11:16:26 +0000  copying file ./QBImagePicker.bundle/QBImagePicker.storyboardc/QBAlbumsViewController.nib/objects-12.3+.nib ... 
2025-06-20 11:16:26 +0000  1800 bytes for ./QBImagePicker.bundle/QBImagePicker.storyboardc/QBAlbumsViewController.nib/objects-12.3+.nib
2025-06-20 11:16:26 +0000  copying file ./QBImagePicker.bundle/QBImagePicker.storyboardc/QBAssetsViewController.nib/runtime.nib ... 
2025-06-20 11:16:26 +0000  1393 bytes for ./QBImagePicker.bundle/QBImagePicker.storyboardc/QBAssetsViewController.nib/runtime.nib
2025-06-20 11:16:26 +0000  copying file ./QBImagePicker.bundle/QBImagePicker.storyboardc/QBAssetsViewController.nib/objects-12.3+.nib ... 
2025-06-20 11:16:26 +0000  1393 bytes for ./QBImagePicker.bundle/QBImagePicker.storyboardc/QBAssetsViewController.nib/objects-12.3+.nib
2025-06-20 11:16:26 +0000  copying file ./QBImagePicker.bundle/QBImagePicker.storyboardc/QL5-wR-LYt-view-66K-TS-Yoc.nib/runtime.nib ... 
2025-06-20 11:16:26 +0000  7037 bytes for ./QBImagePicker.bundle/QBImagePicker.storyboardc/QL5-wR-LYt-view-66K-TS-Yoc.nib/runtime.nib
2025-06-20 11:16:26 +0000  copying file ./QBImagePicker.bundle/QBImagePicker.storyboardc/QL5-wR-LYt-view-66K-TS-Yoc.nib/objects-12.3+.nib ... 
2025-06-20 11:16:26 +0000  7037 bytes for ./QBImagePicker.bundle/QBImagePicker.storyboardc/QL5-wR-LYt-view-66K-TS-Yoc.nib/objects-12.3+.nib
2025-06-20 11:16:26 +0000  copying file ./QBImagePicker.bundle/QBImagePicker.storyboardc/QBAlbumsNavigationController.nib/runtime.nib ... 
2025-06-20 11:16:26 +0000  2631 bytes for ./QBImagePicker.bundle/QBImagePicker.storyboardc/QBAlbumsNavigationController.nib/runtime.nib
2025-06-20 11:16:26 +0000  copying file ./QBImagePicker.bundle/QBImagePicker.storyboardc/QBAlbumsNavigationController.nib/objects-12.3+.nib ... 
2025-06-20 11:16:26 +0000  2631 bytes for ./QBImagePicker.bundle/QBImagePicker.storyboardc/QBAlbumsNavigationController.nib/objects-12.3+.nib
2025-06-20 11:16:26 +0000  copying file ./QBImagePicker.bundle/QBImagePicker.storyboardc/Info.plist ... 
2025-06-20 11:16:26 +0000  289 bytes for ./QBImagePicker.bundle/QBImagePicker.storyboardc/Info.plist
2025-06-20 11:16:26 +0000  copying file ./QBImagePicker.bundle/es.lproj/QBImagePicker.strings ... 
2025-06-20 11:16:26 +0000  1113 bytes for ./QBImagePicker.bundle/es.lproj/QBImagePicker.strings
2025-06-20 11:16:26 +0000  copying file ./QBImagePicker.bundle/it.lproj/QBImagePicker.strings ... 
2025-06-20 11:16:26 +0000  1088 bytes for ./QBImagePicker.bundle/it.lproj/QBImagePicker.strings
2025-06-20 11:16:26 +0000  copying file ./QBImagePicker.bundle/sv.lproj/QBImagePicker.strings ... 
2025-06-20 11:16:26 +0000  1082 bytes for ./QBImagePicker.bundle/sv.lproj/QBImagePicker.strings
2025-06-20 11:16:26 +0000  copying file ./QBImagePicker.bundle/ko.lproj/QBImagePicker.strings ... 
2025-06-20 11:16:26 +0000  1139 bytes for ./QBImagePicker.bundle/ko.lproj/QBImagePicker.strings
2025-06-20 11:16:26 +0000  copying file ./QBImagePicker.bundle/zh-Hant.lproj/QBImagePicker.strings ... 
2025-06-20 11:16:26 +0000  1119 bytes for ./QBImagePicker.bundle/zh-Hant.lproj/QBImagePicker.strings
2025-06-20 11:16:26 +0000  copying file ./QBImagePicker.bundle/tr.lproj/QBImagePicker.strings ... 
2025-06-20 11:16:26 +0000  1104 bytes for ./QBImagePicker.bundle/tr.lproj/QBImagePicker.strings
2025-06-20 11:16:26 +0000  copying file ./QBImagePicker.bundle/pl.lproj/QBImagePicker.strings ... 
2025-06-20 11:16:26 +0000  1119 bytes for ./QBImagePicker.bundle/pl.lproj/QBImagePicker.strings
2025-06-20 11:16:26 +0000  copying file ./QBImagePicker.bundle/ru.lproj/QBImagePicker.strings ... 
2025-06-20 11:16:26 +0000  1433 bytes for ./QBImagePicker.bundle/ru.lproj/QBImagePicker.strings
2025-06-20 11:16:26 +0000  copying file ./QBImagePicker.bundle/fr.lproj/QBImagePicker.strings ... 
2025-06-20 11:16:26 +0000  1153 bytes for ./QBImagePicker.bundle/fr.lproj/QBImagePicker.strings
2025-06-20 11:16:26 +0000  copying file ./QBImagePicker.bundle/pt.lproj/QBImagePicker.strings ... 
2025-06-20 11:16:26 +0000  1112 bytes for ./QBImagePicker.bundle/pt.lproj/QBImagePicker.strings
2025-06-20 11:16:26 +0000  copying file ./QBImagePicker.bundle/ro.lproj/QBImagePicker.strings ... 
2025-06-20 11:16:26 +0000  1127 bytes for ./QBImagePicker.bundle/ro.lproj/QBImagePicker.strings
2025-06-20 11:16:26 +0000  copying file ./QBImagePicker.bundle/Info.plist ... 
2025-06-20 11:16:26 +0000  774 bytes for ./QBImagePicker.bundle/Info.plist
2025-06-20 11:16:26 +0000  copying file ./FontAwesome5_Brands.ttf ... 
2025-06-20 11:16:26 +0000  134040 bytes for ./FontAwesome5_Brands.ttf
2025-06-20 11:16:26 +0000  copying file ./MaterialCommunityIcons.ttf ... 
2025-06-20 11:16:26 +0000  1147844 bytes for ./MaterialCommunityIcons.ttf
2025-06-20 11:16:26 +0000  copying file ./FBLPromises_Privacy.bundle/PrivacyInfo.xcprivacy ... 
2025-06-20 11:16:26 +0000  373 bytes for ./FBLPromises_Privacy.bundle/PrivacyInfo.xcprivacy
2025-06-20 11:16:26 +0000  copying file ./FBLPromises_Privacy.bundle/Info.plist ... 
2025-06-20 11:16:26 +0000  787 bytes for ./FBLPromises_Privacy.bundle/Info.plist
2025-06-20 11:16:26 +0000  copying file ./AppIcon60x60@2x.png ... 
2025-06-20 11:16:26 +0000  9661 bytes for ./AppIcon60x60@2x.png
2025-06-20 11:16:26 +0000  copying file ./AntDesign.ttf ... 
2025-06-20 11:16:26 +0000  70344 bytes for ./AntDesign.ttf
2025-06-20 11:16:26 +0000  copying file ./WorkSans-ExtraLight.ttf ... 
2025-06-20 11:16:26 +0000  135500 bytes for ./WorkSans-ExtraLight.ttf
2025-06-20 11:16:26 +0000  copying file ./Foundation.ttf ... 
2025-06-20 11:16:26 +0000  56976 bytes for ./Foundation.ttf
2025-06-20 11:16:26 +0000  copying file ./Ionicons.ttf ... 
2025-06-20 11:16:26 +0000  247192 bytes for ./Ionicons.ttf
2025-06-20 11:16:26 +0000  copying file ./FontAwesome5_Solid.ttf ... 
2025-06-20 11:16:26 +0000  202744 bytes for ./FontAwesome5_Solid.ttf
2025-06-20 11:16:26 +0000  copying file ./GoogleDataTransport_Privacy.bundle/PrivacyInfo.xcprivacy ... 
2025-06-20 11:16:26 +0000  1105 bytes for ./GoogleDataTransport_Privacy.bundle/PrivacyInfo.xcprivacy
2025-06-20 11:16:26 +0000  copying file ./GoogleDataTransport_Privacy.bundle/Info.plist ... 
2025-06-20 11:16:26 +0000  803 bytes for ./GoogleDataTransport_Privacy.bundle/Info.plist
2025-06-20 11:16:26 +0000  copying file ./FontAwesome5_Regular.ttf ... 
2025-06-20 11:16:26 +0000  33736 bytes for ./FontAwesome5_Regular.ttf
2025-06-20 11:16:26 +0000  copying file ./WorkSans-Medium.ttf ... 
2025-06-20 11:16:26 +0000  143036 bytes for ./WorkSans-Medium.ttf
2025-06-20 11:16:26 +0000  copying file ./AccessibilityResources.bundle/en.lproj/Localizable.strings ... 
2025-06-20 11:16:26 +0000  518 bytes for ./AccessibilityResources.bundle/en.lproj/Localizable.strings
2025-06-20 11:16:26 +0000  copying file ./AccessibilityResources.bundle/Info.plist ... 
2025-06-20 11:16:26 +0000  795 bytes for ./AccessibilityResources.bundle/Info.plist
2025-06-20 11:16:26 +0000  copying file ./GoogleService-Info.plist ... 
2025-06-20 11:16:26 +0000  478 bytes for ./GoogleService-Info.plist
2025-06-20 11:16:26 +0000  copying file ./FontAwesome.ttf ... 
2025-06-20 11:16:26 +0000  165548 bytes for ./FontAwesome.ttf
2025-06-20 11:16:26 +0000  copying file ./Zocial.ttf ... 
2025-06-20 11:16:26 +0000  25788 bytes for ./Zocial.ttf
2025-06-20 11:16:26 +0000  copying file ./WorkSans-SemiBold.ttf ... 
2025-06-20 11:16:26 +0000  142548 bytes for ./WorkSans-SemiBold.ttf
2025-06-20 11:16:26 +0000  copying file ./Assets.car ... 
2025-06-20 11:16:26 +0000  225775 bytes for ./Assets.car
2025-06-20 11:16:26 +0000  copying file ./EvilIcons.ttf ... 
2025-06-20 11:16:26 +0000  13456 bytes for ./EvilIcons.ttf
2025-06-20 11:16:26 +0000  copying file ./GoogleUtilities_Privacy.bundle/PrivacyInfo.xcprivacy ... 
2025-06-20 11:16:26 +0000  1289 bytes for ./GoogleUtilities_Privacy.bundle/PrivacyInfo.xcprivacy
2025-06-20 11:16:26 +0000  copying file ./GoogleUtilities_Privacy.bundle/Info.plist ... 
2025-06-20 11:16:26 +0000  796 bytes for ./GoogleUtilities_Privacy.bundle/Info.plist
2025-06-20 11:16:26 +0000  copying file ./main.jsbundle ... 
2025-06-20 11:16:26 +0000  3040692 bytes for ./main.jsbundle
2025-06-20 11:16:26 +0000  copying file ./LaunchScreen.storyboardc/01J-lp-oVM-view-Ze5-6b-2t3.nib ... 
2025-06-20 11:16:26 +0000  1750 bytes for ./LaunchScreen.storyboardc/01J-lp-oVM-view-Ze5-6b-2t3.nib
2025-06-20 11:16:26 +0000  copying file ./LaunchScreen.storyboardc/UIViewController-01J-lp-oVM.nib ... 
2025-06-20 11:16:26 +0000  924 bytes for ./LaunchScreen.storyboardc/UIViewController-01J-lp-oVM.nib
2025-06-20 11:16:26 +0000  copying file ./LaunchScreen.storyboardc/Info.plist ... 
2025-06-20 11:16:26 +0000  258 bytes for ./LaunchScreen.storyboardc/Info.plist
2025-06-20 11:16:26 +0000  copying file ./HrOnTips ... 
2025-06-20 11:16:26 +0000  4246208 bytes for ./HrOnTips
2025-06-20 11:16:26 +0000  copying file ./WorkSans-Thin.ttf ... 
2025-06-20 11:16:26 +0000  135044 bytes for ./WorkSans-Thin.ttf
2025-06-20 11:16:26 +0000  copying file ./WorkSans-Black.ttf ... 
2025-06-20 11:16:26 +0000  139644 bytes for ./WorkSans-Black.ttf
2025-06-20 11:16:26 +0000  copying file ./TOCropViewControllerBundle.bundle/de.lproj/TOCropViewControllerLocalizable.strings ... 
2025-06-20 11:16:26 +0000  189 bytes for ./TOCropViewControllerBundle.bundle/de.lproj/TOCropViewControllerLocalizable.strings
2025-06-20 11:16:26 +0000  copying file ./TOCropViewControllerBundle.bundle/ar.lproj/TOCropViewControllerLocalizable.strings ... 
2025-06-20 11:16:26 +0000  207 bytes for ./TOCropViewControllerBundle.bundle/ar.lproj/TOCropViewControllerLocalizable.strings
2025-06-20 11:16:26 +0000  copying file ./TOCropViewControllerBundle.bundle/zh-Hans.lproj/TOCropViewControllerLocalizable.strings ... 
2025-06-20 11:16:26 +0000  172 bytes for ./TOCropViewControllerBundle.bundle/zh-Hans.lproj/TOCropViewControllerLocalizable.strings
2025-06-20 11:16:26 +0000  copying file ./TOCropViewControllerBundle.bundle/ja.lproj/TOCropViewControllerLocalizable.strings ... 
2025-06-20 11:16:26 +0000  210 bytes for ./TOCropViewControllerBundle.bundle/ja.lproj/TOCropViewControllerLocalizable.strings
2025-06-20 11:16:26 +0000  copying file ./TOCropViewControllerBundle.bundle/fa.lproj/TOCropViewControllerLocalizable.strings ... 
2025-06-20 11:16:26 +0000  210 bytes for ./TOCropViewControllerBundle.bundle/fa.lproj/TOCropViewControllerLocalizable.strings
2025-06-20 11:16:26 +0000  copying file ./TOCropViewControllerBundle.bundle/en.lproj/TOCropViewControllerLocalizable.strings ... 
2025-06-20 11:16:26 +0000  168 bytes for ./TOCropViewControllerBundle.bundle/en.lproj/TOCropViewControllerLocalizable.strings
2025-06-20 11:16:26 +0000  copying file ./TOCropViewControllerBundle.bundle/uk.lproj/TOCropViewControllerLocalizable.strings ... 
2025-06-20 11:16:26 +0000  231 bytes for ./TOCropViewControllerBundle.bundle/uk.lproj/TOCropViewControllerLocalizable.strings
2025-06-20 11:16:26 +0000  copying file ./TOCropViewControllerBundle.bundle/es.lproj/TOCropViewControllerLocalizable.strings ... 
2025-06-20 11:16:26 +0000  179 bytes for ./TOCropViewControllerBundle.bundle/es.lproj/TOCropViewControllerLocalizable.strings
2025-06-20 11:16:26 +0000  copying file ./TOCropViewControllerBundle.bundle/it.lproj/TOCropViewControllerLocalizable.strings ... 
2025-06-20 11:16:26 +0000  181 bytes for ./TOCropViewControllerBundle.bundle/it.lproj/TOCropViewControllerLocalizable.strings
2025-06-20 11:16:26 +0000  copying file ./TOCropViewControllerBundle.bundle/sk.lproj/TOCropViewControllerLocalizable.strings ... 
2025-06-20 11:16:26 +0000  176 bytes for ./TOCropViewControllerBundle.bundle/sk.lproj/TOCropViewControllerLocalizable.strings
2025-06-20 11:16:26 +0000  copying file ./TOCropViewControllerBundle.bundle/ms.lproj/TOCropViewControllerLocalizable.strings ... 
2025-06-20 11:16:26 +0000  173 bytes for ./TOCropViewControllerBundle.bundle/ms.lproj/TOCropViewControllerLocalizable.strings
2025-06-20 11:16:26 +0000  copying file ./TOCropViewControllerBundle.bundle/cs.lproj/TOCropViewControllerLocalizable.strings ... 
2025-06-20 11:16:26 +0000  173 bytes for ./TOCropViewControllerBundle.bundle/cs.lproj/TOCropViewControllerLocalizable.strings
2025-06-20 11:16:26 +0000  copying file ./TOCropViewControllerBundle.bundle/ko.lproj/TOCropViewControllerLocalizable.strings ... 
2025-06-20 11:16:26 +0000  187 bytes for ./TOCropViewControllerBundle.bundle/ko.lproj/TOCropViewControllerLocalizable.strings
2025-06-20 11:16:26 +0000  copying file ./TOCropViewControllerBundle.bundle/Base.lproj/TOCropViewControllerLocalizable.strings ... 
2025-06-20 11:16:26 +0000  168 bytes for ./TOCropViewControllerBundle.bundle/Base.lproj/TOCropViewControllerLocalizable.strings
2025-06-20 11:16:26 +0000  copying file ./TOCropViewControllerBundle.bundle/zh-Hant.lproj/TOCropViewControllerLocalizable.strings ... 
2025-06-20 11:16:26 +0000  175 bytes for ./TOCropViewControllerBundle.bundle/zh-Hant.lproj/TOCropViewControllerLocalizable.strings
2025-06-20 11:16:26 +0000  copying file ./TOCropViewControllerBundle.bundle/fa-IR.lproj/TOCropViewControllerLocalizable.strings ... 
2025-06-20 11:16:26 +0000  210 bytes for ./TOCropViewControllerBundle.bundle/fa-IR.lproj/TOCropViewControllerLocalizable.strings
2025-06-20 11:16:26 +0000  copying file ./TOCropViewControllerBundle.bundle/hu.lproj/TOCropViewControllerLocalizable.strings ... 
2025-06-20 11:16:26 +0000  194 bytes for ./TOCropViewControllerBundle.bundle/hu.lproj/TOCropViewControllerLocalizable.strings
2025-06-20 11:16:26 +0000  copying file ./TOCropViewControllerBundle.bundle/da-DK.lproj/TOCropViewControllerLocalizable.strings ... 
2025-06-20 11:16:26 +0000  174 bytes for ./TOCropViewControllerBundle.bundle/da-DK.lproj/TOCropViewControllerLocalizable.strings
2025-06-20 11:16:26 +0000  copying file ./TOCropViewControllerBundle.bundle/tr.lproj/TOCropViewControllerLocalizable.strings ... 
2025-06-20 11:16:26 +0000  183 bytes for ./TOCropViewControllerBundle.bundle/tr.lproj/TOCropViewControllerLocalizable.strings
2025-06-20 11:16:26 +0000  copying file ./TOCropViewControllerBundle.bundle/pl.lproj/TOCropViewControllerLocalizable.strings ... 
2025-06-20 11:16:26 +0000  171 bytes for ./TOCropViewControllerBundle.bundle/pl.lproj/TOCropViewControllerLocalizable.strings
2025-06-20 11:16:26 +0000  copying file ./TOCropViewControllerBundle.bundle/pt-BR.lproj/TOCropViewControllerLocalizable.strings ... 
2025-06-20 11:16:26 +0000  181 bytes for ./TOCropViewControllerBundle.bundle/pt-BR.lproj/TOCropViewControllerLocalizable.strings
2025-06-20 11:16:26 +0000  copying file ./TOCropViewControllerBundle.bundle/vi.lproj/TOCropViewControllerLocalizable.strings ... 
2025-06-20 11:16:26 +0000  178 bytes for ./TOCropViewControllerBundle.bundle/vi.lproj/TOCropViewControllerLocalizable.strings
2025-06-20 11:16:26 +0000  copying file ./TOCropViewControllerBundle.bundle/PrivacyInfo.xcprivacy ... 
2025-06-20 11:16:26 +0000  373 bytes for ./TOCropViewControllerBundle.bundle/PrivacyInfo.xcprivacy
2025-06-20 11:16:26 +0000  copying file ./TOCropViewControllerBundle.bundle/ru.lproj/TOCropViewControllerLocalizable.strings ... 
2025-06-20 11:16:26 +0000  237 bytes for ./TOCropViewControllerBundle.bundle/ru.lproj/TOCropViewControllerLocalizable.strings
2025-06-20 11:16:26 +0000  copying file ./TOCropViewControllerBundle.bundle/fr.lproj/TOCropViewControllerLocalizable.strings ... 
2025-06-20 11:16:26 +0000  193 bytes for ./TOCropViewControllerBundle.bundle/fr.lproj/TOCropViewControllerLocalizable.strings
2025-06-20 11:16:26 +0000  copying file ./TOCropViewControllerBundle.bundle/fi.lproj/TOCropViewControllerLocalizable.strings ... 
2025-06-20 11:16:26 +0000  179 bytes for ./TOCropViewControllerBundle.bundle/fi.lproj/TOCropViewControllerLocalizable.strings
2025-06-20 11:16:26 +0000  copying file ./TOCropViewControllerBundle.bundle/id.lproj/TOCropViewControllerLocalizable.strings ... 
2025-06-20 11:16:26 +0000  178 bytes for ./TOCropViewControllerBundle.bundle/id.lproj/TOCropViewControllerLocalizable.strings
2025-06-20 11:16:26 +0000  copying file ./TOCropViewControllerBundle.bundle/nl.lproj/TOCropViewControllerLocalizable.strings ... 
2025-06-20 11:16:26 +0000  178 bytes for ./TOCropViewControllerBundle.bundle/nl.lproj/TOCropViewControllerLocalizable.strings
2025-06-20 11:16:26 +0000  copying file ./TOCropViewControllerBundle.bundle/pt.lproj/TOCropViewControllerLocalizable.strings ... 
2025-06-20 11:16:26 +0000  181 bytes for ./TOCropViewControllerBundle.bundle/pt.lproj/TOCropViewControllerLocalizable.strings
2025-06-20 11:16:26 +0000  copying file ./TOCropViewControllerBundle.bundle/ro.lproj/TOCropViewControllerLocalizable.strings ... 
2025-06-20 11:16:26 +0000  181 bytes for ./TOCropViewControllerBundle.bundle/ro.lproj/TOCropViewControllerLocalizable.strings
2025-06-20 11:16:26 +0000  copying file ./TOCropViewControllerBundle.bundle/Info.plist ... 
2025-06-20 11:16:26 +0000  802 bytes for ./TOCropViewControllerBundle.bundle/Info.plist
2025-06-20 11:16:26 +0000  copying file ./TOCropViewControllerBundle.bundle/ca.lproj/TOCropViewControllerLocalizable.strings ... 
2025-06-20 11:16:26 +0000  177 bytes for ./TOCropViewControllerBundle.bundle/ca.lproj/TOCropViewControllerLocalizable.strings
2025-06-20 11:16:26 +0000  copying file ./Frameworks/OneSignal.framework/_CodeSignature/CodeResources ... 
2025-06-20 11:16:26 +0000  2034 bytes for ./Frameworks/OneSignal.framework/_CodeSignature/CodeResources
2025-06-20 11:16:26 +0000  copying file ./Frameworks/OneSignal.framework/OneSignal ... 
2025-06-20 11:16:26 +0000  813712 bytes for ./Frameworks/OneSignal.framework/OneSignal
2025-06-20 11:16:26 +0000  copying file ./Frameworks/OneSignal.framework/PrivacyInfo.xcprivacy ... 
2025-06-20 11:16:26 +0000  2450 bytes for ./Frameworks/OneSignal.framework/PrivacyInfo.xcprivacy
2025-06-20 11:16:26 +0000  copying file ./Frameworks/OneSignal.framework/Info.plist ... 
2025-06-20 11:16:26 +0000  762 bytes for ./Frameworks/OneSignal.framework/Info.plist
2025-06-20 11:16:26 +0000  copying file ./Frameworks/OneSignalExtension.framework/_CodeSignature/CodeResources ... 
2025-06-20 11:16:26 +0000  2034 bytes for ./Frameworks/OneSignalExtension.framework/_CodeSignature/CodeResources
2025-06-20 11:16:26 +0000  copying file ./Frameworks/OneSignalExtension.framework/PrivacyInfo.xcprivacy ... 
2025-06-20 11:16:26 +0000  1316 bytes for ./Frameworks/OneSignalExtension.framework/PrivacyInfo.xcprivacy
2025-06-20 11:16:26 +0000  copying file ./Frameworks/OneSignalExtension.framework/OneSignalExtension ... 
2025-06-20 11:16:26 +0000  111280 bytes for ./Frameworks/OneSignalExtension.framework/OneSignalExtension
2025-06-20 11:16:26 +0000  copying file ./Frameworks/OneSignalExtension.framework/Info.plist ... 
2025-06-20 11:16:26 +0000  774 bytes for ./Frameworks/OneSignalExtension.framework/Info.plist
2025-06-20 11:16:26 +0000  copying file ./Frameworks/OneSignalCore.framework/_CodeSignature/CodeResources ... 
2025-06-20 11:16:26 +0000  2034 bytes for ./Frameworks/OneSignalCore.framework/_CodeSignature/CodeResources
2025-06-20 11:16:26 +0000  copying file ./Frameworks/OneSignalCore.framework/PrivacyInfo.xcprivacy ... 
2025-06-20 11:16:26 +0000  551 bytes for ./Frameworks/OneSignalCore.framework/PrivacyInfo.xcprivacy
2025-06-20 11:16:26 +0000  copying file ./Frameworks/OneSignalCore.framework/Info.plist ... 
2025-06-20 11:16:26 +0000  762 bytes for ./Frameworks/OneSignalCore.framework/Info.plist
2025-06-20 11:16:26 +0000  copying file ./Frameworks/OneSignalCore.framework/OneSignalCore ... 
2025-06-20 11:16:26 +0000  198736 bytes for ./Frameworks/OneSignalCore.framework/OneSignalCore
2025-06-20 11:16:26 +0000  copying file ./Frameworks/OneSignalOutcomes.framework/_CodeSignature/CodeResources ... 
2025-06-20 11:16:26 +0000  2034 bytes for ./Frameworks/OneSignalOutcomes.framework/_CodeSignature/CodeResources
2025-06-20 11:16:26 +0000  copying file ./Frameworks/OneSignalOutcomes.framework/PrivacyInfo.xcprivacy ... 
2025-06-20 11:16:26 +0000  941 bytes for ./Frameworks/OneSignalOutcomes.framework/PrivacyInfo.xcprivacy
2025-06-20 11:16:26 +0000  copying file ./Frameworks/OneSignalOutcomes.framework/Info.plist ... 
2025-06-20 11:16:26 +0000  772 bytes for ./Frameworks/OneSignalOutcomes.framework/Info.plist
2025-06-20 11:16:26 +0000  copying file ./Frameworks/OneSignalOutcomes.framework/OneSignalOutcomes ... 
2025-06-20 11:16:26 +0000  180528 bytes for ./Frameworks/OneSignalOutcomes.framework/OneSignalOutcomes
2025-06-20 11:16:26 +0000  copying file ./SimpleLineIcons.ttf ... 
2025-06-20 11:16:26 +0000  54056 bytes for ./SimpleLineIcons.ttf
2025-06-20 11:16:26 +0000  copying file ./embedded.mobileprovision ... 
2025-06-20 11:16:26 +0000  13164 bytes for ./embedded.mobileprovision
2025-06-20 11:16:26 +0000  copying file ./assets/js/Components/Image/map_svgrepo.com.png ... 
2025-06-20 11:16:26 +0000  257 bytes for ./assets/js/Components/Image/map_svgrepo.com.png
2025-06-20 11:16:26 +0000  copying file ./assets/js/Components/Image/Profile@3x.png ... 
2025-06-20 11:16:26 +0000  2221 bytes for ./assets/js/Components/Image/Profile@3x.png
2025-06-20 11:16:26 +0000  copying file ./assets/js/Components/Image/Grouplogout@3x.png ... 
2025-06-20 11:16:26 +0000  1141 bytes for ./assets/js/Components/Image/Grouplogout@3x.png
2025-06-20 11:16:26 +0000  copying file ./assets/js/Components/Image/buttonn@3x.png ... 
2025-06-20 11:16:26 +0000  98933 bytes for ./assets/js/Components/Image/buttonn@3x.png
2025-06-20 11:16:26 +0000  copying file ./assets/js/Components/Image/arrow-right-circle_svgrepo.com.png ... 
2025-06-20 11:16:26 +0000  960 bytes for ./assets/js/Components/Image/arrow-right-circle_svgrepo.com.png
2025-06-20 11:16:26 +0000  copying file ./assets/js/Components/Image/email.png ... 
2025-06-20 11:16:26 +0000  9904 bytes for ./assets/js/Components/Image/email.png
2025-06-20 11:16:26 +0000  copying file ./assets/js/Components/Image/loginback.png ... 
2025-06-20 11:16:26 +0000  276388 bytes for ./assets/js/Components/Image/loginback.png
2025-06-20 11:16:26 +0000  copying file ./assets/js/Components/Image/uploadd.png ... 
2025-06-20 11:16:26 +0000  564 bytes for ./assets/js/Components/Image/uploadd.png
2025-06-20 11:16:26 +0000  copying file ./assets/js/Components/Image/down@3x.png ... 
2025-06-20 11:16:26 +0000  445 bytes for ./assets/js/Components/Image/down@3x.png
2025-06-20 11:16:26 +0000  copying file ./assets/js/Components/Image/watch.png ... 
2025-06-20 11:16:26 +0000  571 bytes for ./assets/js/Components/Image/watch.png
2025-06-20 11:16:26 +0000  copying file ./assets/js/Components/Image/Plus.png ... 
2025-06-20 11:16:26 +0000  1813 bytes for ./assets/js/Components/Image/Plus.png
2025-06-20 11:16:26 +0000  copying file ./assets/js/Components/Image/greenapprov@3x.png ... 
2025-06-20 11:16:26 +0000  9945 bytes for ./assets/js/Components/Image/greenapprov@3x.png
2025-06-20 11:16:26 +0000  copying file ./assets/js/Components/Image/Lock@2x.png ... 
2025-06-20 11:16:26 +0000  700 bytes for ./assets/js/Components/Image/Lock@2x.png
2025-06-20 11:16:26 +0000  copying file ./assets/js/Components/Image/PhusHide@2x.png ... 
2025-06-20 11:16:26 +0000  3475 bytes for ./assets/js/Components/Image/PhusHide@2x.png
2025-06-20 11:16:26 +0000  copying file ./assets/js/Components/Image/teamtracker.png ... 
2025-06-20 11:16:26 +0000  27440 bytes for ./assets/js/Components/Image/teamtracker.png
2025-06-20 11:16:26 +0000  copying file ./assets/js/Components/Image/Done@2x.png ... 
2025-06-20 11:16:26 +0000  4805 bytes for ./assets/js/Components/Image/Done@2x.png
2025-06-20 11:16:26 +0000  copying file ./assets/js/Components/Image/Tick.png ... 
2025-06-20 11:16:26 +0000  586 bytes for ./assets/js/Components/Image/Tick.png
2025-06-20 11:16:26 +0000  copying file ./assets/js/Components/Image/Cake.png ... 
2025-06-20 11:16:26 +0000  951 bytes for ./assets/js/Components/Image/Cake.png
2025-06-20 11:16:26 +0000  copying file ./assets/js/Components/Image/watch@2x.png ... 
2025-06-20 11:16:26 +0000  1208 bytes for ./assets/js/Components/Image/watch@2x.png
2025-06-20 11:16:26 +0000  copying file ./assets/js/Components/Image/sign@3x.png ... 
2025-06-20 11:16:26 +0000  163983 bytes for ./assets/js/Components/Image/sign@3x.png
2025-06-20 11:16:26 +0000  copying file ./assets/js/Components/Image/Vector@2x.png ... 
2025-06-20 11:16:26 +0000  342 bytes for ./assets/js/Components/Image/Vector@2x.png
2025-06-20 11:16:26 +0000  copying file ./assets/js/Components/Image/homeimage@2x.png ... 
2025-06-20 11:16:26 +0000  536763 bytes for ./assets/js/Components/Image/homeimage@2x.png
2025-06-20 11:16:26 +0000  copying file ./assets/js/Components/Image/Payslip-Icon@2x.png ... 
2025-06-20 11:16:26 +0000  570 bytes for ./assets/js/Components/Image/Payslip-Icon@2x.png
2025-06-20 11:16:26 +0000  copying file ./assets/js/Components/Image/darkBackLogin2.png ... 
2025-06-20 11:16:26 +0000  714955 bytes for ./assets/js/Components/Image/darkBackLogin2.png
2025-06-20 11:16:26 +0000  copying file ./assets/js/Components/Image/Payslip-Icon@3x.png ... 
2025-06-20 11:16:26 +0000  585 bytes for ./assets/js/Components/Image/Payslip-Icon@3x.png
2025-06-20 11:16:26 +0000  copying file ./assets/js/Components/Image/Primetime.png ... 
2025-06-20 11:16:26 +0000  1635 bytes for ./assets/js/Components/Image/Primetime.png
2025-06-20 11:16:26 +0000  copying file ./assets/js/Components/Image/Download.png ... 
2025-06-20 11:16:26 +0000  559 bytes for ./assets/js/Components/Image/Download.png
2025-06-20 11:16:26 +0000  copying file ./assets/js/Components/Image/Vector@3x.png ... 
2025-06-20 11:16:26 +0000  441 bytes for ./assets/js/Components/Image/Vector@3x.png
2025-06-20 11:16:26 +0000  copying file ./assets/js/Components/Image/homeimage@3x.png ... 
2025-06-20 11:16:26 +0000  586007 bytes for ./assets/js/Components/Image/homeimage@3x.png
2025-06-20 11:16:26 +0000  copying file ./assets/js/Components/Image/watch@3x.png ... 
2025-06-20 11:16:26 +0000  1751 bytes for ./assets/js/Components/Image/watch@3x.png
2025-06-20 11:16:26 +0000  copying file ./assets/js/Components/Image/sign@2x.png ... 
2025-06-20 11:16:26 +0000  76028 bytes for ./assets/js/Components/Image/sign@2x.png
2025-06-20 11:16:26 +0000  copying file ./assets/js/Components/Image/hrontips-white.png ... 
2025-06-20 11:16:26 +0000  3322 bytes for ./assets/js/Components/Image/hrontips-white.png
2025-06-20 11:16:26 +0000  copying file ./assets/js/Components/Image/Done@3x.png ... 
2025-06-20 11:16:26 +0000  7252 bytes for ./assets/js/Components/Image/Done@3x.png
2025-06-20 11:16:26 +0000  copying file ./assets/js/Components/Image/Approve.png ... 
2025-06-20 11:16:26 +0000  3459 bytes for ./assets/js/Components/Image/Approve.png
2025-06-20 11:16:26 +0000  copying file ./assets/js/Components/Image/PhusHide@3x.png ... 
2025-06-20 11:16:26 +0000  5214 bytes for ./assets/js/Components/Image/PhusHide@3x.png
2025-06-20 11:16:26 +0000  copying file ./assets/js/Components/Image/Group.png ... 
2025-06-20 11:16:26 +0000  1207 bytes for ./assets/js/Components/Image/Group.png
2025-06-20 11:16:26 +0000  copying file ./assets/js/Components/Image/Bills.png ... 
2025-06-20 11:16:26 +0000  1749 bytes for ./assets/js/Components/Image/Bills.png
2025-06-20 11:16:26 +0000  copying file ./assets/js/Components/Image/Lock@3x.png ... 
2025-06-20 11:16:26 +0000  933 bytes for ./assets/js/Components/Image/Lock@3x.png
2025-06-20 11:16:26 +0000  copying file ./assets/js/Components/Image/greenapprov@2x.png ... 
2025-06-20 11:16:26 +0000  6174 bytes for ./assets/js/Components/Image/greenapprov@2x.png
2025-06-20 11:16:26 +0000  copying file ./assets/js/Components/Image/Clipboard.png ... 
2025-06-20 11:16:26 +0000  1374 bytes for ./assets/js/Components/Image/Clipboard.png
2025-06-20 11:16:26 +0000  copying file ./assets/js/Components/Image/down@2x.png ... 
2025-06-20 11:16:26 +0000  403 bytes for ./assets/js/Components/Image/down@2x.png
2025-06-20 11:16:26 +0000  copying file ./assets/js/Components/Image/buttonn@2x.png ... 
2025-06-20 11:16:26 +0000  44917 bytes for ./assets/js/Components/Image/buttonn@2x.png
2025-06-20 11:16:26 +0000  copying file ./assets/js/Components/Image/Lock.png ... 
2025-06-20 11:16:26 +0000  416 bytes for ./assets/js/Components/Image/Lock.png
2025-06-20 11:16:26 +0000  copying file ./assets/js/Components/Image/Profile@2x.png ... 
2025-06-20 11:16:26 +0000  1518 bytes for ./assets/js/Components/Image/Profile@2x.png
2025-06-20 11:16:26 +0000  copying file ./assets/js/Components/Image/Grouplogout@2x.png ... 
2025-06-20 11:16:26 +0000  750 bytes for ./assets/js/Components/Image/Grouplogout@2x.png
2025-06-20 11:16:26 +0000  copying file ./assets/js/Components/Image/phone@3x.png ... 
2025-06-20 11:16:26 +0000  793 bytes for ./assets/js/Components/Image/phone@3x.png
2025-06-20 11:16:26 +0000  copying file ./assets/js/Components/Image/startt@2x.png ... 
2025-06-20 11:16:26 +0000  79673 bytes for ./assets/js/Components/Image/startt@2x.png
2025-06-20 11:16:26 +0000  copying file ./assets/js/Components/Image/buttonnBacl@3x.png ... 
2025-06-20 11:16:26 +0000  467163 bytes for ./assets/js/Components/Image/buttonnBacl@3x.png
2025-06-20 11:16:26 +0000  copying file ./assets/js/Components/Image/greenapprov.png ... 
2025-06-20 11:16:26 +0000  2579 bytes for ./assets/js/Components/Image/greenapprov.png
2025-06-20 11:16:26 +0000  copying file ./assets/js/Components/Image/Payslip-Icon.png ... 
2025-06-20 11:16:26 +0000  396 bytes for ./assets/js/Components/Image/Payslip-Icon.png
2025-06-20 11:16:26 +0000  copying file ./assets/js/Components/Image/Locationp@3x.png ... 
2025-06-20 11:16:26 +0000  1856 bytes for ./assets/js/Components/Image/Locationp@3x.png
2025-06-20 11:16:26 +0000  copying file ./assets/js/Components/Image/Group@3x.png ... 
2025-06-20 11:16:26 +0000  3102 bytes for ./assets/js/Components/Image/Group@3x.png
2025-06-20 11:16:26 +0000  copying file ./assets/js/Components/Image/Locationp.png ... 
2025-06-20 11:16:26 +0000  650 bytes for ./assets/js/Components/Image/Locationp.png
2025-06-20 11:16:26 +0000  copying file ./assets/js/Components/Image/yellowapprov.png ... 
2025-06-20 11:16:26 +0000  2494 bytes for ./assets/js/Components/Image/yellowapprov.png
2025-06-20 11:16:26 +0000  copying file ./assets/js/Components/Image/Tick@3x.png ... 
2025-06-20 11:16:26 +0000  1569 bytes for ./assets/js/Components/Image/Tick@3x.png
2025-06-20 11:16:26 +0000  copying file ./assets/js/Components/Image/gted.png ... 
2025-06-20 11:16:26 +0000  2645 bytes for ./assets/js/Components/Image/gted.png
2025-06-20 11:16:26 +0000  copying file ./assets/js/Components/Image/arrow-right-circle_svgrepo.com@2x.png ... 
2025-06-20 11:16:26 +0000  1839 bytes for ./assets/js/Components/Image/arrow-right-circle_svgrepo.com@2x.png
2025-06-20 11:16:26 +0000  copying file ./assets/js/Components/Image/Page-1.png ... 
2025-06-20 11:16:26 +0000  2076 bytes for ./assets/js/Components/Image/Page-1.png
2025-06-20 11:16:26 +0000  copying file ./assets/js/Components/Image/Research.png ... 
2025-06-20 11:16:26 +0000  1931 bytes for ./assets/js/Components/Image/Research.png
2025-06-20 11:16:26 +0000  copying file ./assets/js/Components/Image/Vector.png ... 
2025-06-20 11:16:26 +0000  270 bytes for ./assets/js/Components/Image/Vector.png
2025-06-20 11:16:26 +0000  copying file ./assets/js/Components/Image/Reject@3x.png ... 
2025-06-20 11:16:26 +0000  36103 bytes for ./assets/js/Components/Image/Reject@3x.png
2025-06-20 11:16:26 +0000  copying file ./assets/js/Components/Image/Vectorgreen@3x.png ... 
2025-06-20 11:16:26 +0000  1781 bytes for ./assets/js/Components/Image/Vectorgreen@3x.png
2025-06-20 11:16:26 +0000  copying file ./assets/js/Components/Image/red@3x.png ... 
2025-06-20 11:16:26 +0000  9443 bytes for ./assets/js/Components/Image/red@3x.png
2025-06-20 11:16:26 +0000  copying file ./assets/js/Components/Image/down.png ... 
2025-06-20 11:16:26 +0000  274 bytes for ./assets/js/Components/Image/down.png
2025-06-20 11:16:26 +0000  copying file ./assets/js/Components/Image/hidden.png ... 
2025-06-20 11:16:26 +0000  12395 bytes for ./assets/js/Components/Image/hidden.png
2025-06-20 11:16:26 +0000  copying file ./assets/js/Components/Image/hrontips-white@3x.png ... 
2025-06-20 11:16:26 +0000  11038 bytes for ./assets/js/Components/Image/hrontips-white@3x.png
2025-06-20 11:16:26 +0000  copying file ./assets/js/Components/Image/uploadd@2x.png ... 
2025-06-20 11:16:26 +0000  960 bytes for ./assets/js/Components/Image/uploadd@2x.png
2025-06-20 11:16:26 +0000  copying file ./assets/js/Components/Image/backgroundBack.png ... 
2025-06-20 11:16:26 +0000  8828 bytes for ./assets/js/Components/Image/backgroundBack.png
2025-06-20 11:16:26 +0000  copying file ./assets/js/Components/Image/PhusHide.png ... 
2025-06-20 11:16:26 +0000  1753 bytes for ./assets/js/Components/Image/PhusHide.png
2025-06-20 11:16:26 +0000  copying file ./assets/js/Components/Image/Vectorred.png ... 
2025-06-20 11:16:26 +0000  615 bytes for ./assets/js/Components/Image/Vectorred.png
2025-06-20 11:16:26 +0000  copying file ./assets/js/Components/Image/Plus@2x.png ... 
2025-06-20 11:16:26 +0000  3586 bytes for ./assets/js/Components/Image/Plus@2x.png
2025-06-20 11:16:26 +0000  copying file ./assets/js/Components/Image/Download@3x.png ... 
2025-06-20 11:16:26 +0000  1376 bytes for ./assets/js/Components/Image/Download@3x.png
2025-06-20 11:16:26 +0000  copying file ./assets/js/Components/Image/Approve@3x.png ... 
2025-06-20 11:16:26 +0000  15716 bytes for ./assets/js/Components/Image/Approve@3x.png
2025-06-20 11:16:26 +0000  copying file ./assets/js/Components/Image/buttonn.png ... 
2025-06-20 11:16:26 +0000  11430 bytes for ./assets/js/Components/Image/buttonn.png
2025-06-20 11:16:26 +0000  copying file ./assets/js/Components/Image/Approve@2x.png ... 
2025-06-20 11:16:26 +0000  9753 bytes for ./assets/js/Components/Image/Approve@2x.png
2025-06-20 11:16:26 +0000  copying file ./assets/js/Components/Image/Download@2x.png ... 
2025-06-20 11:16:26 +0000  957 bytes for ./assets/js/Components/Image/Download@2x.png
2025-06-20 11:16:26 +0000  copying file ./assets/js/Components/Image/home.png ... 
2025-06-20 11:16:26 +0000  10364 bytes for ./assets/js/Components/Image/home.png
2025-06-20 11:16:26 +0000  copying file ./assets/js/Components/Image/person.png ... 
2025-06-20 11:16:26 +0000  13323 bytes for ./assets/js/Components/Image/person.png
2025-06-20 11:16:26 +0000  copying file ./assets/js/Components/Image/Plus@3x.png ... 
2025-06-20 11:16:26 +0000  5313 bytes for ./assets/js/Components/Image/Plus@3x.png
2025-06-20 11:16:26 +0000  copying file ./assets/js/Components/Image/user.png ... 
2025-06-20 11:16:26 +0000  24852 bytes for ./assets/js/Components/Image/user.png
2025-06-20 11:16:26 +0000  copying file ./assets/js/Components/Image/hrontips-white@2x.png ... 
2025-06-20 11:16:26 +0000  6905 bytes for ./assets/js/Components/Image/hrontips-white@2x.png
2025-06-20 11:16:26 +0000  copying file ./assets/js/Components/Image/uploadd@3x.png ... 
2025-06-20 11:16:26 +0000  1376 bytes for ./assets/js/Components/Image/uploadd@3x.png
2025-06-20 11:16:26 +0000  copying file ./assets/js/Components/Image/editimgBack.png ... 
2025-06-20 11:16:26 +0000  4725 bytes for ./assets/js/Components/Image/editimgBack.png
2025-06-20 11:16:26 +0000  copying file ./assets/js/Components/Image/approval.png ... 
2025-06-20 11:16:26 +0000  9610 bytes for ./assets/js/Components/Image/approval.png
2025-06-20 11:16:26 +0000  copying file ./assets/js/Components/Image/Vectorgreen@2x.png ... 
2025-06-20 11:16:26 +0000  1183 bytes for ./assets/js/Components/Image/Vectorgreen@2x.png
2025-06-20 11:16:26 +0000  copying file ./assets/js/Components/Image/red@2x.png ... 
2025-06-20 11:16:26 +0000  5658 bytes for ./assets/js/Components/Image/red@2x.png
2025-06-20 11:16:26 +0000  copying file ./assets/js/Components/Image/Reject@2x.png ... 
2025-06-20 11:16:26 +0000  17611 bytes for ./assets/js/Components/Image/Reject@2x.png
2025-06-20 11:16:26 +0000  copying file ./assets/js/Components/Image/Path.png ... 
2025-06-20 11:16:26 +0000  296 bytes for ./assets/js/Components/Image/Path.png
2025-06-20 11:16:26 +0000  copying file ./assets/js/Components/Image/arrow-right-circle_svgrepo.com@3x.png ... 
2025-06-20 11:16:26 +0000  2722 bytes for ./assets/js/Components/Image/arrow-right-circle_svgrepo.com@3x.png
2025-06-20 11:16:26 +0000  copying file ./assets/js/Components/Image/Tick@2x.png ... 
2025-06-20 11:16:26 +0000  1076 bytes for ./assets/js/Components/Image/Tick@2x.png
2025-06-20 11:16:26 +0000  copying file ./assets/js/Components/Image/sign.png ... 
2025-06-20 11:16:26 +0000  20986 bytes for ./assets/js/Components/Image/sign.png
2025-06-20 11:16:26 +0000  copying file ./assets/js/Components/Image/List.png ... 
2025-06-20 11:16:26 +0000  685 bytes for ./assets/js/Components/Image/List.png
2025-06-20 11:16:26 +0000  copying file ./assets/js/Components/Image/clockyellow.png ... 
2025-06-20 11:16:26 +0000  612 bytes for ./assets/js/Components/Image/clockyellow.png
2025-06-20 11:16:26 +0000  copying file ./assets/js/Components/Image/canle.png ... 
2025-06-20 11:16:26 +0000  2706 bytes for ./assets/js/Components/Image/canle.png
2025-06-20 11:16:26 +0000  copying file ./assets/js/Components/Image/Group@2x.png ... 
2025-06-20 11:16:26 +0000  2143 bytes for ./assets/js/Components/Image/Group@2x.png
2025-06-20 11:16:26 +0000  copying file ./assets/js/Components/Image/Locationp@2x.png ... 
2025-06-20 11:16:26 +0000  1284 bytes for ./assets/js/Components/Image/Locationp@2x.png
2025-06-20 11:16:26 +0000  copying file ./assets/js/Components/Image/lastImage.png ... 
2025-06-20 11:16:26 +0000  2415720 bytes for ./assets/js/Components/Image/lastImage.png
2025-06-20 11:16:26 +0000  copying file ./assets/js/Components/Image/startt@3x.png ... 
2025-06-20 11:16:26 +0000  173635 bytes for ./assets/js/Components/Image/startt@3x.png
2025-06-20 11:16:26 +0000  copying file ./assets/js/Components/Image/buttonnBacl@2x.png ... 
2025-06-20 11:16:26 +0000  207676 bytes for ./assets/js/Components/Image/buttonnBacl@2x.png
2025-06-20 11:16:26 +0000  copying file ./assets/js/Components/Image/Groupllot.png ... 
2025-06-20 11:16:26 +0000  1339 bytes for ./assets/js/Components/Image/Groupllot.png
2025-06-20 11:16:26 +0000  copying file ./assets/js/Components/Image/Contact.png ... 
2025-06-20 11:16:26 +0000  479 bytes for ./assets/js/Components/Image/Contact.png
2025-06-20 11:16:26 +0000  copying file ./assets/js/Components/Image/phone@2x.png ... 
2025-06-20 11:16:26 +0000  551 bytes for ./assets/js/Components/Image/phone@2x.png
2025-06-20 11:16:26 +0000  copying file ./assets/js/Components/Image/backGround.png ... 
2025-06-20 11:16:26 +0000  8900 bytes for ./assets/js/Components/Image/backGround.png
2025-06-20 11:16:26 +0000  copying file ./assets/js/Components/Image/Path@3x.png ... 
2025-06-20 11:16:26 +0000  540 bytes for ./assets/js/Components/Image/Path@3x.png
2025-06-20 11:16:26 +0000  copying file ./assets/js/Components/Image/Goo.png ... 
2025-06-20 11:16:26 +0000  9644 bytes for ./assets/js/Components/Image/Goo.png
2025-06-20 11:16:26 +0000  copying file ./assets/js/Components/Image/ring@2x.png ... 
2025-06-20 11:16:26 +0000  1393 bytes for ./assets/js/Components/Image/ring@2x.png
2025-06-20 11:16:26 +0000  copying file ./assets/js/Components/Image/promoter.png ... 
2025-06-20 11:16:26 +0000  40626 bytes for ./assets/js/Components/Image/promoter.png
2025-06-20 11:16:26 +0000  copying file ./assets/js/Components/Image/canle@3x.png ... 
2025-06-20 11:16:26 +0000  10947 bytes for ./assets/js/Components/Image/canle@3x.png
2025-06-20 11:16:26 +0000  copying file ./assets/js/Components/Image/ring.png ... 
2025-06-20 11:16:26 +0000  709 bytes for ./assets/js/Components/Image/ring.png
2025-06-20 11:16:26 +0000  copying file ./assets/js/Components/Image/Menu.png ... 
2025-06-20 11:16:26 +0000  959 bytes for ./assets/js/Components/Image/Menu.png
2025-06-20 11:16:26 +0000  copying file ./assets/js/Components/Image/buttonnBacl.png ... 
2025-06-20 11:16:26 +0000  51342 bytes for ./assets/js/Components/Image/buttonnBacl.png
2025-06-20 11:16:26 +0000  copying file ./assets/js/Components/Image/Done.png ... 
2025-06-20 11:16:26 +0000  2480 bytes for ./assets/js/Components/Image/Done.png
2025-06-20 11:16:26 +0000  copying file ./assets/js/Components/Image/Vectorred@3x.png ... 
2025-06-20 11:16:26 +0000  1425 bytes for ./assets/js/Components/Image/Vectorred@3x.png
2025-06-20 11:16:26 +0000  copying file ./assets/js/Components/Image/dp@2x.png ... 
2025-06-20 11:16:26 +0000  30503 bytes for ./assets/js/Components/Image/dp@2x.png
2025-06-20 11:16:26 +0000  copying file ./assets/js/Components/Image/Contact@2x.png ... 
2025-06-20 11:16:26 +0000  760 bytes for ./assets/js/Components/Image/Contact@2x.png
2025-06-20 11:16:26 +0000  copying file ./assets/js/Components/Image/Groupllot@2x.png ... 
2025-06-20 11:16:26 +0000  2348 bytes for ./assets/js/Components/Image/Groupllot@2x.png
2025-06-20 11:16:26 +0000  copying file ./assets/js/Components/Image/Reject.png ... 
2025-06-20 11:16:26 +0000  5480 bytes for ./assets/js/Components/Image/Reject.png
2025-06-20 11:16:26 +0000  copying file ./assets/js/Components/Image/sand-clock.png ... 
2025-06-20 11:16:26 +0000  13317 bytes for ./assets/js/Components/Image/sand-clock.png
2025-06-20 11:16:26 +0000  copying file ./assets/js/Components/Image/logo.png ... 
2025-06-20 11:16:26 +0000  12538 bytes for ./assets/js/Components/Image/logo.png
2025-06-20 11:16:26 +0000  copying file ./assets/js/Components/Image/Groupllot@3x.png ... 
2025-06-20 11:16:26 +0000  3403 bytes for ./assets/js/Components/Image/Groupllot@3x.png
2025-06-20 11:16:26 +0000  copying file ./assets/js/Components/Image/Grouplogout.png ... 
2025-06-20 11:16:26 +0000  435 bytes for ./assets/js/Components/Image/Grouplogout.png
2025-06-20 11:16:26 +0000  copying file ./assets/js/Components/Image/regularisation.png ... 
2025-06-20 11:16:26 +0000  1363 bytes for ./assets/js/Components/Image/regularisation.png
2025-06-20 11:16:26 +0000  copying file ./assets/js/Components/Image/dp@3x.png ... 
2025-06-20 11:16:26 +0000  61170 bytes for ./assets/js/Components/Image/dp@3x.png
2025-06-20 11:16:26 +0000  copying file ./assets/js/Components/Image/Contact@3x.png ... 
2025-06-20 11:16:26 +0000  862 bytes for ./assets/js/Components/Image/Contact@3x.png
2025-06-20 11:16:26 +0000  copying file ./assets/js/Components/Image/Vectorred@2x.png ... 
2025-06-20 11:16:26 +0000  1039 bytes for ./assets/js/Components/Image/Vectorred@2x.png
2025-06-20 11:16:26 +0000  copying file ./assets/js/Components/Image/dp.png ... 
2025-06-20 11:16:26 +0000  9875 bytes for ./assets/js/Components/Image/dp.png
2025-06-20 11:16:26 +0000  copying file ./assets/js/Components/Image/startt.png ... 
2025-06-20 11:16:26 +0000  22293 bytes for ./assets/js/Components/Image/startt.png
2025-06-20 11:16:26 +0000  copying file ./assets/js/Components/Image/Rectangl.png ... 
2025-06-20 11:16:26 +0000  5477 bytes for ./assets/js/Components/Image/Rectangl.png
2025-06-20 11:16:26 +0000  copying file ./assets/js/Components/Image/Profile.png ... 
2025-06-20 11:16:26 +0000  794 bytes for ./assets/js/Components/Image/Profile.png
2025-06-20 11:16:26 +0000  copying file ./assets/js/Components/Image/canle@2x.png ... 
2025-06-20 11:16:26 +0000  6873 bytes for ./assets/js/Components/Image/canle@2x.png
2025-06-20 11:16:26 +0000  copying file ./assets/js/Components/Image/eye.png ... 
2025-06-20 11:16:26 +0000  13698 bytes for ./assets/js/Components/Image/eye.png
2025-06-20 11:16:26 +0000  copying file ./assets/js/Components/Image/Location.png ... 
2025-06-20 11:16:26 +0000  1025 bytes for ./assets/js/Components/Image/Location.png
2025-06-20 11:16:26 +0000  copying file ./assets/js/Components/Image/ddssrr.png ... 
2025-06-20 11:16:26 +0000  7913 bytes for ./assets/js/Components/Image/ddssrr.png
2025-06-20 11:16:26 +0000  copying file ./assets/js/Components/Image/ring@3x.png ... 
2025-06-20 11:16:26 +0000  2042 bytes for ./assets/js/Components/Image/ring@3x.png
2025-06-20 11:16:26 +0000  copying file ./assets/js/Components/Image/phone.png ... 
2025-06-20 11:16:26 +0000  353 bytes for ./assets/js/Components/Image/phone.png
2025-06-20 11:16:26 +0000  copying file ./assets/js/Components/Image/Path@2x.png ... 
2025-06-20 11:16:26 +0000  430 bytes for ./assets/js/Components/Image/Path@2x.png
2025-06-20 11:16:26 +0000  copying file ./assets/js/Components/Image/Clock.png ... 
2025-06-20 11:16:26 +0000  1234 bytes for ./assets/js/Components/Image/Clock.png
2025-06-20 11:16:26 +0000  copying file ./assets/js/Components/Image/backbg.png ... 
2025-06-20 11:16:26 +0000  142205 bytes for ./assets/js/Components/Image/backbg.png
2025-06-20 11:16:26 +0000  copying file ./assets/js/Components/Image/Goo@2x.png ... 
2025-06-20 11:16:26 +0000  33415 bytes for ./assets/js/Components/Image/Goo@2x.png
2025-06-20 11:16:26 +0000  copying file ./assets/js/Components/Image/Vectorgreen.png ... 
2025-06-20 11:16:26 +0000  608 bytes for ./assets/js/Components/Image/Vectorgreen.png
2025-06-20 11:16:26 +0000  copying file ./assets/js/Components/Image/adjust.png ... 
2025-06-20 11:16:26 +0000  11995 bytes for ./assets/js/Components/Image/adjust.png
2025-06-20 11:16:26 +0000  copying file ./assets/js/Components/Image/homeimage.png ... 
2025-06-20 11:16:26 +0000  304022 bytes for ./assets/js/Components/Image/homeimage.png
2025-06-20 11:16:26 +0000  copying file ./assets/js/Components/Image/bbgg.png ... 
2025-06-20 11:16:26 +0000  228799 bytes for ./assets/js/Components/Image/bbgg.png
2025-06-20 11:16:26 +0000  copying file ./assets/js/Components/Image/yellowapprov@2x.png ... 
2025-06-20 11:16:26 +0000  6093 bytes for ./assets/js/Components/Image/yellowapprov@2x.png
2025-06-20 11:16:26 +0000  copying file ./assets/js/Components/Image/Page-1@3x.png ... 
2025-06-20 11:16:26 +0000  5930 bytes for ./assets/js/Components/Image/Page-1@3x.png
2025-06-20 11:16:26 +0000  copying file ./assets/js/Components/Image/Rted@2x.png ... 
2025-06-20 11:16:26 +0000  6203 bytes for ./assets/js/Components/Image/Rted@2x.png
2025-06-20 11:16:26 +0000  copying file ./assets/js/Components/Image/noti.png ... 
2025-06-20 11:16:26 +0000  488 bytes for ./assets/js/Components/Image/noti.png
2025-06-20 11:16:26 +0000  copying file ./assets/js/Components/Image/gted@2x.png ... 
2025-06-20 11:16:26 +0000  6310 bytes for ./assets/js/Components/Image/gted@2x.png
2025-06-20 11:16:26 +0000  copying file ./assets/js/Components/Image/clockyellow@3x.png ... 
2025-06-20 11:16:26 +0000  1607 bytes for ./assets/js/Components/Image/clockyellow@3x.png
2025-06-20 11:16:26 +0000  copying file ./assets/js/Components/Image/Rted.png ... 
2025-06-20 11:16:26 +0000  2586 bytes for ./assets/js/Components/Image/Rted.png
2025-06-20 11:16:26 +0000  copying file ./assets/js/Components/Image/map_svgrepo.com@3x.png ... 
2025-06-20 11:16:26 +0000  463 bytes for ./assets/js/Components/Image/map_svgrepo.com@3x.png
2025-06-20 11:16:26 +0000  copying file ./assets/js/Components/Image/map_svgrepo.com@2x.png ... 
2025-06-20 11:16:26 +0000  375 bytes for ./assets/js/Components/Image/map_svgrepo.com@2x.png
2025-06-20 11:16:26 +0000  copying file ./assets/js/Components/Image/Balloons.png ... 
2025-06-20 11:16:26 +0000  1935 bytes for ./assets/js/Components/Image/Balloons.png
2025-06-20 11:16:26 +0000  copying file ./assets/js/Components/Image/clockyellow@2x.png ... 
2025-06-20 11:16:26 +0000  1113 bytes for ./assets/js/Components/Image/clockyellow@2x.png
2025-06-20 11:16:26 +0000  copying file ./assets/js/Components/Image/gted@3x.png ... 
2025-06-20 11:16:26 +0000  10200 bytes for ./assets/js/Components/Image/gted@3x.png
2025-06-20 11:16:26 +0000  copying file ./assets/js/Components/Image/Rted@3x.png ... 
2025-06-20 11:16:26 +0000  9841 bytes for ./assets/js/Components/Image/Rted@3x.png
2025-06-20 11:16:26 +0000  copying file ./assets/js/Components/Image/Page-1@2x.png ... 
2025-06-20 11:16:26 +0000  3936 bytes for ./assets/js/Components/Image/Page-1@2x.png
2025-06-20 11:16:26 +0000  copying file ./assets/js/Components/Image/yellowapprov@3x.png ... 
2025-06-20 11:16:26 +0000  9978 bytes for ./assets/js/Components/Image/yellowapprov@3x.png
2025-06-20 11:16:26 +0000  copying file ./assets/js/Components/Image/leave.png ... 
2025-06-20 11:16:26 +0000  50786 bytes for ./assets/js/Components/Image/leave.png
2025-06-20 11:16:26 +0000  copying file ./assets/js/Components/Image/red.png ... 
2025-06-20 11:16:26 +0000  2340 bytes for ./assets/js/Components/Image/red.png
2025-06-20 11:16:26 +0000  copying file ./assets/js/Components/Image/firework.png ... 
2025-06-20 11:16:26 +0000  26190 bytes for ./assets/js/Components/Image/firework.png
2025-06-20 11:16:26 +0000  copying file ./assets/js/Components/Image/padlock.png ... 
2025-06-20 11:16:26 +0000  9362 bytes for ./assets/js/Components/Image/padlock.png
2025-06-20 11:16:26 +0000  copying file ./assets/js/Components/Image/bannerrr.png ... 
2025-06-20 11:16:26 +0000  7079238 bytes for ./assets/js/Components/Image/bannerrr.png
2025-06-20 11:16:26 +0000  copying file ./assets/js/Components/Image/Goo@3x.png ... 
2025-06-20 11:16:26 +0000  69040 bytes for ./assets/js/Components/Image/Goo@3x.png
2025-06-20 11:16:26 +0000  copying file ./assets/node_modules/@react-navigation/elements/src/assets/back-icon@3x.png ... 
2025-06-20 11:16:26 +0000  761 bytes for ./assets/node_modules/@react-navigation/elements/src/assets/back-icon@3x.png
2025-06-20 11:16:26 +0000  copying file ./assets/node_modules/@react-navigation/elements/src/assets/back-icon@2x.png ... 
2025-06-20 11:16:26 +0000  405 bytes for ./assets/node_modules/@react-navigation/elements/src/assets/back-icon@2x.png
2025-06-20 11:16:26 +0000  copying file ./assets/node_modules/@react-navigation/elements/src/assets/back-icon.png ... 
2025-06-20 11:16:26 +0000  290 bytes for ./assets/node_modules/@react-navigation/elements/src/assets/back-icon.png
2025-06-20 11:16:26 +0000  copying file ./assets/node_modules/@react-navigation/elements/src/assets/back-icon-mask.png ... 
2025-06-20 11:16:26 +0000  913 bytes for ./assets/node_modules/@react-navigation/elements/src/assets/back-icon-mask.png
2025-06-20 11:16:26 +0000  copying file ./assets/node_modules/react-native-calendars/src/calendar/img/previous@2x.png ... 
2025-06-20 11:16:26 +0000  458 bytes for ./assets/node_modules/react-native-calendars/src/calendar/img/previous@2x.png
2025-06-20 11:16:26 +0000  copying file ./assets/node_modules/react-native-calendars/src/calendar/img/next@2x.png ... 
2025-06-20 11:16:26 +0000  462 bytes for ./assets/node_modules/react-native-calendars/src/calendar/img/next@2x.png
2025-06-20 11:16:26 +0000  copying file ./assets/node_modules/react-native-calendars/src/img/down@3x.png ... 
2025-06-20 11:16:26 +0000  508 bytes for ./assets/node_modules/react-native-calendars/src/img/down@3x.png
2025-06-20 11:16:26 +0000  copying file ./assets/node_modules/react-native-calendars/src/img/down@2x.png ... 
2025-06-20 11:16:26 +0000  354 bytes for ./assets/node_modules/react-native-calendars/src/img/down@2x.png
2025-06-20 11:16:26 +0000  copying file ./assets/node_modules/react-native-calendars/src/img/up.png ... 
2025-06-20 11:16:26 +0000  215 bytes for ./assets/node_modules/react-native-calendars/src/img/up.png
2025-06-20 11:16:26 +0000  copying file ./assets/node_modules/react-native-calendars/src/img/down.png ... 
2025-06-20 11:16:26 +0000  208 bytes for ./assets/node_modules/react-native-calendars/src/img/down.png
2025-06-20 11:16:26 +0000  copying file ./assets/node_modules/react-native-calendars/src/img/up@2x.png ... 
2025-06-20 11:16:26 +0000  347 bytes for ./assets/node_modules/react-native-calendars/src/img/up@2x.png
2025-06-20 11:16:26 +0000  copying file ./assets/node_modules/react-native-calendars/src/img/up@3x.png ... 
2025-06-20 11:16:26 +0000  504 bytes for ./assets/node_modules/react-native-calendars/src/img/up@3x.png
2025-06-20 11:16:26 +0000  copying file ./assets/node_modules/react-native-country-picker-modal/lib/assets/images/close.android.png ... 
2025-06-20 11:16:26 +0000  2156 bytes for ./assets/node_modules/react-native-country-picker-modal/lib/assets/images/close.android.png
2025-06-20 11:16:26 +0000  copying file ./assets/node_modules/react-native-country-picker-modal/lib/assets/images/close.png ... 
2025-06-20 11:16:26 +0000  1204 bytes for ./assets/node_modules/react-native-country-picker-modal/lib/assets/images/close.png
2025-06-20 11:16:26 +0000  copying file ./Info.plist ... 
2025-06-20 11:16:26 +0000  4288 bytes for ./Info.plist
2025-06-20 11:16:26 +0000  copying file ./PkgInfo ... 
2025-06-20 11:16:26 +0000  8 bytes for ./PkgInfo
2025-06-20 11:16:26 +0000  copying file ./MaterialIcons.ttf ... 
2025-06-20 11:16:26 +0000  230384 bytes for ./MaterialIcons.ttf
2025-06-20 11:16:26 +0000  copying file ./WorkSans-Bold.ttf ... 
2025-06-20 11:16:26 +0000  143920 bytes for ./WorkSans-Bold.ttf
2025-06-20 11:16:26 +0000  /usr/bin/ditto exited with 0
2025-06-20 11:16:26 +0000  Processing step: IDEDistributionEmbedProfileStep
2025-06-20 11:16:26 +0000  Skipping profile for item: <IDEDistributionItem: 0x60003b481380; bundleID='com.onesignal.OneSignal-Dynamic', path='<DVTFilePath:0x60000f921c70:'/Users/saurabh/Library/Developer/Xcode/Archives/2025-06-20/HrOnTips 6-20-25, 4.46 PM.xcarchive/Products/Applications/HrOnTips.app/Frameworks/OneSignal.framework'>', codeSigningInfo='<_DVTCodeSigningInformation_Path: 0x60000771ca50; isSigned='1', isAdHocSigned='0', signingCertificate='<DVTSigningCertificate: 0x600032baf3c0; name='Apple Development: Jagmeet Singh (36F222LW4X)', hash='CFC1B3C8991330627A48A80D008FAA2477EEBF9A', serialNumber='54DFB7B8D0ABF7EC9105C5CBE75A26E1', certificateKinds='(
    "1.2.840.113635.100.6.1.12",
    "1.2.840.113635.100.6.1.2"
), issueDate='2025-04-15 09:10:31 +0000''>', entitlements='(null)', teamID='7858VWW5K7', identifier='com.onesignal.OneSignal-Dynamic', executablePath='<DVTFilePath:0x600037582dc0:'/Users/saurabh/Library/Developer/Xcode/Archives/2025-06-20/HrOnTips 6-20-25, 4.46 PM.xcarchive/Products/Applications/HrOnTips.app/Frameworks/OneSignal.framework/OneSignal'>', hardenedRuntime='0'>'>
2025-06-20 11:16:26 +0000  Skipping profile for item: <IDEDistributionItem: 0x60003b481440; bundleID='com.onesignal.OneSignalCore', path='<DVTFilePath:0x60000f921ce0:'/Users/saurabh/Library/Developer/Xcode/Archives/2025-06-20/HrOnTips 6-20-25, 4.46 PM.xcarchive/Products/Applications/HrOnTips.app/Frameworks/OneSignalCore.framework'>', codeSigningInfo='<_DVTCodeSigningInformation_Path: 0x60001f736e90; isSigned='1', isAdHocSigned='0', signingCertificate='<DVTSigningCertificate: 0x600032bb0600; name='Apple Development: Jagmeet Singh (36F222LW4X)', hash='CFC1B3C8991330627A48A80D008FAA2477EEBF9A', serialNumber='54DFB7B8D0ABF7EC9105C5CBE75A26E1', certificateKinds='(
    "1.2.840.113635.100.6.1.12",
    "1.2.840.113635.100.6.1.2"
), issueDate='2025-04-15 09:10:31 +0000''>', entitlements='(null)', teamID='7858VWW5K7', identifier='com.onesignal.OneSignalCore', executablePath='<DVTFilePath:0x600037451b00:'/Users/saurabh/Library/Developer/Xcode/Archives/2025-06-20/HrOnTips 6-20-25, 4.46 PM.xcarchive/Products/Applications/HrOnTips.app/Frameworks/OneSignalCore.framework/OneSignalCore'>', hardenedRuntime='0'>'>
2025-06-20 11:16:26 +0000  Skipping profile for item: <IDEDistributionItem: 0x60003b482ca0; bundleID='com.onesignal.OneSignalExtension', path='<DVTFilePath:0x60000f9d8af0:'/Users/saurabh/Library/Developer/Xcode/Archives/2025-06-20/HrOnTips 6-20-25, 4.46 PM.xcarchive/Products/Applications/HrOnTips.app/Frameworks/OneSignalExtension.framework'>', codeSigningInfo='<_DVTCodeSigningInformation_Path: 0x60001f736f30; isSigned='1', isAdHocSigned='0', signingCertificate='<DVTSigningCertificate: 0x600032baf3c0; name='Apple Development: Jagmeet Singh (36F222LW4X)', hash='CFC1B3C8991330627A48A80D008FAA2477EEBF9A', serialNumber='54DFB7B8D0ABF7EC9105C5CBE75A26E1', certificateKinds='(
    "1.2.840.113635.100.6.1.12",
    "1.2.840.113635.100.6.1.2"
), issueDate='2025-04-15 09:10:31 +0000''>', entitlements='(null)', teamID='7858VWW5K7', identifier='com.onesignal.OneSignalExtension', executablePath='<DVTFilePath:0x60000f9d0380:'/Users/saurabh/Library/Developer/Xcode/Archives/2025-06-20/HrOnTips 6-20-25, 4.46 PM.xcarchive/Products/Applications/HrOnTips.app/Frameworks/OneSignalExtension.framework/OneSignalExtension'>', hardenedRuntime='0'>'>
2025-06-20 11:16:26 +0000  Skipping profile for item: <IDEDistributionItem: 0x600037bb3de0; bundleID='com.onesignal.OneSignalOutcomes', path='<DVTFilePath:0x60000f9c3b80:'/Users/saurabh/Library/Developer/Xcode/Archives/2025-06-20/HrOnTips 6-20-25, 4.46 PM.xcarchive/Products/Applications/HrOnTips.app/Frameworks/OneSignalOutcomes.framework'>', codeSigningInfo='<_DVTCodeSigningInformation_Path: 0x60003714d4f0; isSigned='1', isAdHocSigned='0', signingCertificate='<DVTSigningCertificate: 0x600032bb0600; name='Apple Development: Jagmeet Singh (36F222LW4X)', hash='CFC1B3C8991330627A48A80D008FAA2477EEBF9A', serialNumber='54DFB7B8D0ABF7EC9105C5CBE75A26E1', certificateKinds='(
    "1.2.840.113635.100.6.1.12",
    "1.2.840.113635.100.6.1.2"
), issueDate='2025-04-15 09:10:31 +0000''>', entitlements='(null)', teamID='7858VWW5K7', identifier='com.onesignal.OneSignalOutcomes', executablePath='<DVTFilePath:0x60000f9c3330:'/Users/saurabh/Library/Developer/Xcode/Archives/2025-06-20/HrOnTips 6-20-25, 4.46 PM.xcarchive/Products/Applications/HrOnTips.app/Frameworks/OneSignalOutcomes.framework/OneSignalOutcomes'>', hardenedRuntime='0'>'>
2025-06-20 11:16:26 +0000  Processing step: IDEDistributionInfoPlistStep
2025-06-20 11:16:26 +0000  Skipping step: IDEDistributionInfoPlistStep because it said so
2025-06-20 11:16:26 +0000  Skipping step: IDEDistributionInfoPlistStep because it said so
2025-06-20 11:16:26 +0000  Skipping step: IDEDistributionInfoPlistStep because it said so
2025-06-20 11:16:26 +0000  Skipping step: IDEDistributionInfoPlistStep because it said so
2025-06-20 11:16:26 +0000  Skipping step: IDEDistributionInfoPlistStep because it said so
2025-06-20 11:16:26 +0000  Processing step: IDEDistributionAppThinningPlistStep
2025-06-20 11:16:26 +0000  Skipping step: IDEDistributionAppThinningPlistStep because it said so
2025-06-20 11:16:26 +0000  Processing step: IDEDistributionSymbolsStep
2025-06-20 11:16:26 +0000  Skipping step: IDEDistributionSymbolsStep because it said so
2025-06-20 11:16:26 +0000  Processing step: IDEDistributionAppThinningStep
2025-06-20 11:16:26 +0000  Skipping step: IDEDistributionAppThinningStep because it said so
2025-06-20 11:16:26 +0000  Processing step: IDEDistributionArchThinningStep
2025-06-20 11:16:26 +0000  Item /Users/saurabh/Library/Developer/Xcode/Archives/2025-06-20/HrOnTips 6-20-25, 4.46 PM.xcarchive/Products/Applications/HrOnTips.app/Frameworks/OneSignal.framework doesn't have the entitlement com.apple.developer.web-browser-engine.host enabled, returning ["arm64e"]
2025-06-20 11:16:26 +0000  Archs to thin for item /Users/saurabh/Library/Developer/Xcode/Archives/2025-06-20/HrOnTips 6-20-25, 4.46 PM.xcarchive/Products/Applications/HrOnTips.app/Frameworks/OneSignal.framework are ["arm64e"]
2025-06-20 11:16:26 +0000  Running /Applications/Xcode.app/Contents/Developer/Toolchains/XcodeDefault.xctoolchain/usr/bin/lipo '/var/folders/7b/td5rhl0n0q77zm2zg4c8yqgc0000gp/T/XcodeDistPipeline.~~~E9USoK/Root/Payload/HrOnTips.app/Frameworks/OneSignal.framework/OneSignal' '-verify_arch' 'arm64e'
2025-06-20 11:16:26 +0000  /Applications/Xcode.app/Contents/Developer/Toolchains/XcodeDefault.xctoolchain/usr/bin/lipo exited with 1
2025-06-20 11:16:26 +0000  Skipping architecture thinning for item "OneSignal" because arch "arm64e" wasn't found
2025-06-20 11:16:26 +0000  Item /Users/saurabh/Library/Developer/Xcode/Archives/2025-06-20/HrOnTips 6-20-25, 4.46 PM.xcarchive/Products/Applications/HrOnTips.app/Frameworks/OneSignalCore.framework doesn't have the entitlement com.apple.developer.web-browser-engine.host enabled, returning ["arm64e"]
2025-06-20 11:16:26 +0000  Archs to thin for item /Users/saurabh/Library/Developer/Xcode/Archives/2025-06-20/HrOnTips 6-20-25, 4.46 PM.xcarchive/Products/Applications/HrOnTips.app/Frameworks/OneSignalCore.framework are ["arm64e"]
2025-06-20 11:16:26 +0000  Running /Applications/Xcode.app/Contents/Developer/Toolchains/XcodeDefault.xctoolchain/usr/bin/lipo '/var/folders/7b/td5rhl0n0q77zm2zg4c8yqgc0000gp/T/XcodeDistPipeline.~~~E9USoK/Root/Payload/HrOnTips.app/Frameworks/OneSignalCore.framework/OneSignalCore' '-verify_arch' 'arm64e'
2025-06-20 11:16:26 +0000  /Applications/Xcode.app/Contents/Developer/Toolchains/XcodeDefault.xctoolchain/usr/bin/lipo exited with 1
2025-06-20 11:16:26 +0000  Skipping architecture thinning for item "OneSignalCore" because arch "arm64e" wasn't found
2025-06-20 11:16:26 +0000  Item /Users/saurabh/Library/Developer/Xcode/Archives/2025-06-20/HrOnTips 6-20-25, 4.46 PM.xcarchive/Products/Applications/HrOnTips.app/Frameworks/OneSignalExtension.framework doesn't have the entitlement com.apple.developer.web-browser-engine.host enabled, returning ["arm64e"]
2025-06-20 11:16:26 +0000  Archs to thin for item /Users/saurabh/Library/Developer/Xcode/Archives/2025-06-20/HrOnTips 6-20-25, 4.46 PM.xcarchive/Products/Applications/HrOnTips.app/Frameworks/OneSignalExtension.framework are ["arm64e"]
2025-06-20 11:16:26 +0000  Running /Applications/Xcode.app/Contents/Developer/Toolchains/XcodeDefault.xctoolchain/usr/bin/lipo '/var/folders/7b/td5rhl0n0q77zm2zg4c8yqgc0000gp/T/XcodeDistPipeline.~~~E9USoK/Root/Payload/HrOnTips.app/Frameworks/OneSignalExtension.framework/OneSignalExtension' '-verify_arch' 'arm64e'
2025-06-20 11:16:26 +0000  /Applications/Xcode.app/Contents/Developer/Toolchains/XcodeDefault.xctoolchain/usr/bin/lipo exited with 1
2025-06-20 11:16:26 +0000  Skipping architecture thinning for item "OneSignalExtension" because arch "arm64e" wasn't found
2025-06-20 11:16:26 +0000  Item /Users/saurabh/Library/Developer/Xcode/Archives/2025-06-20/HrOnTips 6-20-25, 4.46 PM.xcarchive/Products/Applications/HrOnTips.app/Frameworks/OneSignalOutcomes.framework doesn't have the entitlement com.apple.developer.web-browser-engine.host enabled, returning ["arm64e"]
2025-06-20 11:16:26 +0000  Archs to thin for item /Users/saurabh/Library/Developer/Xcode/Archives/2025-06-20/HrOnTips 6-20-25, 4.46 PM.xcarchive/Products/Applications/HrOnTips.app/Frameworks/OneSignalOutcomes.framework are ["arm64e"]
2025-06-20 11:16:26 +0000  Running /Applications/Xcode.app/Contents/Developer/Toolchains/XcodeDefault.xctoolchain/usr/bin/lipo '/var/folders/7b/td5rhl0n0q77zm2zg4c8yqgc0000gp/T/XcodeDistPipeline.~~~E9USoK/Root/Payload/HrOnTips.app/Frameworks/OneSignalOutcomes.framework/OneSignalOutcomes' '-verify_arch' 'arm64e'
2025-06-20 11:16:26 +0000  /Applications/Xcode.app/Contents/Developer/Toolchains/XcodeDefault.xctoolchain/usr/bin/lipo exited with 1
2025-06-20 11:16:26 +0000  Skipping architecture thinning for item "OneSignalOutcomes" because arch "arm64e" wasn't found
2025-06-20 11:16:26 +0000  Item /Users/saurabh/Library/Developer/Xcode/Archives/2025-06-20/HrOnTips 6-20-25, 4.46 PM.xcarchive/Products/Applications/HrOnTips.app doesn't have the entitlement com.apple.developer.web-browser-engine.host enabled, returning ["arm64e"]
2025-06-20 11:16:26 +0000  Archs to thin for item /Users/saurabh/Library/Developer/Xcode/Archives/2025-06-20/HrOnTips 6-20-25, 4.46 PM.xcarchive/Products/Applications/HrOnTips.app are ["arm64e"]
2025-06-20 11:16:26 +0000  Running /Applications/Xcode.app/Contents/Developer/Toolchains/XcodeDefault.xctoolchain/usr/bin/lipo '/var/folders/7b/td5rhl0n0q77zm2zg4c8yqgc0000gp/T/XcodeDistPipeline.~~~E9USoK/Root/Payload/HrOnTips.app/HrOnTips' '-verify_arch' 'arm64e'
2025-06-20 11:16:26 +0000  /Applications/Xcode.app/Contents/Developer/Toolchains/XcodeDefault.xctoolchain/usr/bin/lipo exited with 1
2025-06-20 11:16:26 +0000  Skipping architecture thinning for item "HrOnTips" because arch "arm64e" wasn't found
2025-06-20 11:16:26 +0000  Processing step: IDEDistributionODRStep
2025-06-20 11:16:26 +0000  Processing step: IDEDistributionStripXattrsStep
2025-06-20 11:16:26 +0000  Skipping stripping extended attributes because the codesign step will strip them.
2025-06-20 11:16:26 +0000  Skipping stripping extended attributes because the codesign step will strip them.
2025-06-20 11:16:26 +0000  Skipping stripping extended attributes because the codesign step will strip them.
2025-06-20 11:16:26 +0000  Skipping stripping extended attributes because the codesign step will strip them.
2025-06-20 11:16:26 +0000  Skipping stripping extended attributes because the codesign step will strip them.
2025-06-20 11:16:26 +0000  Processing step: IDEDistributionCodesignStep
2025-06-20 11:16:26 +0000  Entitlements for <IDEDistributionItem: 0x60003b481380; bundleID='com.onesignal.OneSignal-Dynamic', path='<DVTFilePath:0x60000f921c70:'/Users/saurabh/Library/Developer/Xcode/Archives/2025-06-20/HrOnTips 6-20-25, 4.46 PM.xcarchive/Products/Applications/HrOnTips.app/Frameworks/OneSignal.framework'>', codeSigningInfo='<_DVTCodeSigningInformation_Path: 0x60000771ca50; isSigned='1', isAdHocSigned='0', signingCertificate='<DVTSigningCertificate: 0x600032b9e1c0; name='Apple Development: Jagmeet Singh (36F222LW4X)', hash='CFC1B3C8991330627A48A80D008FAA2477EEBF9A', serialNumber='54DFB7B8D0ABF7EC9105C5CBE75A26E1', certificateKinds='(
    "1.2.840.113635.100.6.1.12",
    "1.2.840.113635.100.6.1.2"
), issueDate='2025-04-15 09:10:31 +0000''>', entitlements='(null)', teamID='7858VWW5K7', identifier='com.onesignal.OneSignal-Dynamic', executablePath='<DVTFilePath:0x600037582dc0:'/Users/saurabh/Library/Developer/Xcode/Archives/2025-06-20/HrOnTips 6-20-25, 4.46 PM.xcarchive/Products/Applications/HrOnTips.app/Frameworks/OneSignal.framework/OneSignal'>', hardenedRuntime='0'>'>: {
}
2025-06-20 11:16:26 +0000  Associated App Clip Identifiers Filter: Skipping because "com.apple.developer.associated-appclip-app-identifiers" is not present
2025-06-20 11:16:26 +0000  Entitlements for <IDEDistributionItem: 0x60003b481380; bundleID='com.onesignal.OneSignal-Dynamic', path='<DVTFilePath:0x60000f921c70:'/Users/saurabh/Library/Developer/Xcode/Archives/2025-06-20/HrOnTips 6-20-25, 4.46 PM.xcarchive/Products/Applications/HrOnTips.app/Frameworks/OneSignal.framework'>', codeSigningInfo='<_DVTCodeSigningInformation_Path: 0x60000771ca50; isSigned='1', isAdHocSigned='0', signingCertificate='<DVTSigningCertificate: 0x600032baf3c0; name='Apple Development: Jagmeet Singh (36F222LW4X)', hash='CFC1B3C8991330627A48A80D008FAA2477EEBF9A', serialNumber='54DFB7B8D0ABF7EC9105C5CBE75A26E1', certificateKinds='(
    "1.2.840.113635.100.6.1.12",
    "1.2.840.113635.100.6.1.2"
), issueDate='2025-04-15 09:10:31 +0000''>', entitlements='(null)', teamID='7858VWW5K7', identifier='com.onesignal.OneSignal-Dynamic', executablePath='<DVTFilePath:0x600037582dc0:'/Users/saurabh/Library/Developer/Xcode/Archives/2025-06-20/HrOnTips 6-20-25, 4.46 PM.xcarchive/Products/Applications/HrOnTips.app/Frameworks/OneSignal.framework/OneSignal'>', hardenedRuntime='0'>'> are: {
}
2025-06-20 11:16:26 +0000  Writing entitlements for <IDEDistributionItem: 0x60003b481380; bundleID='com.onesignal.OneSignal-Dynamic', path='<DVTFilePath:0x60000f921c70:'/Users/saurabh/Library/Developer/Xcode/Archives/2025-06-20/HrOnTips 6-20-25, 4.46 PM.xcarchive/Products/Applications/HrOnTips.app/Frameworks/OneSignal.framework'>', codeSigningInfo='<_DVTCodeSigningInformation_Path: 0x60000771ca50; isSigned='1', isAdHocSigned='0', signingCertificate='<DVTSigningCertificate: 0x600032bb0c00; name='Apple Development: Jagmeet Singh (36F222LW4X)', hash='CFC1B3C8991330627A48A80D008FAA2477EEBF9A', serialNumber='54DFB7B8D0ABF7EC9105C5CBE75A26E1', certificateKinds='(
    "1.2.840.113635.100.6.1.12",
    "1.2.840.113635.100.6.1.2"
), issueDate='2025-04-15 09:10:31 +0000''>', entitlements='(null)', teamID='7858VWW5K7', identifier='com.onesignal.OneSignal-Dynamic', executablePath='<DVTFilePath:0x600037582dc0:'/Users/saurabh/Library/Developer/Xcode/Archives/2025-06-20/HrOnTips 6-20-25, 4.46 PM.xcarchive/Products/Applications/HrOnTips.app/Frameworks/OneSignal.framework/OneSignal'>', hardenedRuntime='0'>'> to: /var/folders/7b/td5rhl0n0q77zm2zg4c8yqgc0000gp/T/XcodeDistPipeline.~~~E9USoK/entitlements~~~7E638s
2025-06-20 11:16:26 +0000  invoking codesign: <NSConcreteTask: 0x60000771f390; launchPath='/usr/bin/codesign', arguments='(
    "-f",
    "-s",
    335B1F1B02AFDCC24344832EB75F452987EBC8BE,
    "--entitlements",
    "/var/folders/7b/td5rhl0n0q77zm2zg4c8yqgc0000gp/T/XcodeDistPipeline.~~~E9USoK/entitlements~~~7E638s",
    "--preserve-metadata=identifier,flags,runtime",
    "--generate-entitlement-der",
    "--strip-disallowed-xattrs",
    "-vvv",
    "/var/folders/7b/td5rhl0n0q77zm2zg4c8yqgc0000gp/T/XcodeDistPipeline.~~~E9USoK/Root/Payload/HrOnTips.app/Frameworks/OneSignal.framework"
)'>
2025-06-20 11:16:26 +0000  codesign output: /var/folders/7b/td5rhl0n0q77zm2zg4c8yqgc0000gp/T/XcodeDistPipeline.~~~E9USoK/Root/Payload/HrOnTips.app/Frameworks/OneSignal.framework: replacing existing signature
/var/folders/7b/td5rhl0n0q77zm2zg4c8yqgc0000gp/T/XcodeDistPipeline.~~~E9USoK/Root/Payload/HrOnTips.app/Frameworks/OneSignal.framework: signed bundle with Mach-O thin (arm64) [com.onesignal.OneSignal-Dynamic]
2025-06-20 11:16:26 +0000  Entitlements for <IDEDistributionItem: 0x60003b481440; bundleID='com.onesignal.OneSignalCore', path='<DVTFilePath:0x60000f921ce0:'/Users/saurabh/Library/Developer/Xcode/Archives/2025-06-20/HrOnTips 6-20-25, 4.46 PM.xcarchive/Products/Applications/HrOnTips.app/Frameworks/OneSignalCore.framework'>', codeSigningInfo='<_DVTCodeSigningInformation_Path: 0x60001f736e90; isSigned='1', isAdHocSigned='0', signingCertificate='<DVTSigningCertificate: 0x600032b9e1c0; name='Apple Development: Jagmeet Singh (36F222LW4X)', hash='CFC1B3C8991330627A48A80D008FAA2477EEBF9A', serialNumber='54DFB7B8D0ABF7EC9105C5CBE75A26E1', certificateKinds='(
    "1.2.840.113635.100.6.1.12",
    "1.2.840.113635.100.6.1.2"
), issueDate='2025-04-15 09:10:31 +0000''>', entitlements='(null)', teamID='7858VWW5K7', identifier='com.onesignal.OneSignalCore', executablePath='<DVTFilePath:0x600037451b00:'/Users/saurabh/Library/Developer/Xcode/Archives/2025-06-20/HrOnTips 6-20-25, 4.46 PM.xcarchive/Products/Applications/HrOnTips.app/Frameworks/OneSignalCore.framework/OneSignalCore'>', hardenedRuntime='0'>'>: {
}
2025-06-20 11:16:26 +0000  Associated App Clip Identifiers Filter: Skipping because "com.apple.developer.associated-appclip-app-identifiers" is not present
2025-06-20 11:16:26 +0000  Entitlements for <IDEDistributionItem: 0x60003b481440; bundleID='com.onesignal.OneSignalCore', path='<DVTFilePath:0x60000f921ce0:'/Users/saurabh/Library/Developer/Xcode/Archives/2025-06-20/HrOnTips 6-20-25, 4.46 PM.xcarchive/Products/Applications/HrOnTips.app/Frameworks/OneSignalCore.framework'>', codeSigningInfo='<_DVTCodeSigningInformation_Path: 0x60001f736e90; isSigned='1', isAdHocSigned='0', signingCertificate='<DVTSigningCertificate: 0x600032b9cf00; name='Apple Development: Jagmeet Singh (36F222LW4X)', hash='CFC1B3C8991330627A48A80D008FAA2477EEBF9A', serialNumber='54DFB7B8D0ABF7EC9105C5CBE75A26E1', certificateKinds='(
    "1.2.840.113635.100.6.1.12",
    "1.2.840.113635.100.6.1.2"
), issueDate='2025-04-15 09:10:31 +0000''>', entitlements='(null)', teamID='7858VWW5K7', identifier='com.onesignal.OneSignalCore', executablePath='<DVTFilePath:0x600037451b00:'/Users/saurabh/Library/Developer/Xcode/Archives/2025-06-20/HrOnTips 6-20-25, 4.46 PM.xcarchive/Products/Applications/HrOnTips.app/Frameworks/OneSignalCore.framework/OneSignalCore'>', hardenedRuntime='0'>'> are: {
}
2025-06-20 11:16:26 +0000  Writing entitlements for <IDEDistributionItem: 0x60003b481440; bundleID='com.onesignal.OneSignalCore', path='<DVTFilePath:0x60000f921ce0:'/Users/saurabh/Library/Developer/Xcode/Archives/2025-06-20/HrOnTips 6-20-25, 4.46 PM.xcarchive/Products/Applications/HrOnTips.app/Frameworks/OneSignalCore.framework'>', codeSigningInfo='<_DVTCodeSigningInformation_Path: 0x60001f736e90; isSigned='1', isAdHocSigned='0', signingCertificate='<DVTSigningCertificate: 0x600032bb0c00; name='Apple Development: Jagmeet Singh (36F222LW4X)', hash='CFC1B3C8991330627A48A80D008FAA2477EEBF9A', serialNumber='54DFB7B8D0ABF7EC9105C5CBE75A26E1', certificateKinds='(
    "1.2.840.113635.100.6.1.12",
    "1.2.840.113635.100.6.1.2"
), issueDate='2025-04-15 09:10:31 +0000''>', entitlements='(null)', teamID='7858VWW5K7', identifier='com.onesignal.OneSignalCore', executablePath='<DVTFilePath:0x600037451b00:'/Users/saurabh/Library/Developer/Xcode/Archives/2025-06-20/HrOnTips 6-20-25, 4.46 PM.xcarchive/Products/Applications/HrOnTips.app/Frameworks/OneSignalCore.framework/OneSignalCore'>', hardenedRuntime='0'>'> to: /var/folders/7b/td5rhl0n0q77zm2zg4c8yqgc0000gp/T/XcodeDistPipeline.~~~E9USoK/entitlements~~~SPz1PS
2025-06-20 11:16:26 +0000  invoking codesign: <NSConcreteTask: 0x60000771fed0; launchPath='/usr/bin/codesign', arguments='(
    "-f",
    "-s",
    335B1F1B02AFDCC24344832EB75F452987EBC8BE,
    "--entitlements",
    "/var/folders/7b/td5rhl0n0q77zm2zg4c8yqgc0000gp/T/XcodeDistPipeline.~~~E9USoK/entitlements~~~SPz1PS",
    "--preserve-metadata=identifier,flags,runtime",
    "--generate-entitlement-der",
    "--strip-disallowed-xattrs",
    "-vvv",
    "/var/folders/7b/td5rhl0n0q77zm2zg4c8yqgc0000gp/T/XcodeDistPipeline.~~~E9USoK/Root/Payload/HrOnTips.app/Frameworks/OneSignalCore.framework"
)'>
2025-06-20 11:16:26 +0000  codesign output: /var/folders/7b/td5rhl0n0q77zm2zg4c8yqgc0000gp/T/XcodeDistPipeline.~~~E9USoK/Root/Payload/HrOnTips.app/Frameworks/OneSignalCore.framework: replacing existing signature
/var/folders/7b/td5rhl0n0q77zm2zg4c8yqgc0000gp/T/XcodeDistPipeline.~~~E9USoK/Root/Payload/HrOnTips.app/Frameworks/OneSignalCore.framework: signed bundle with Mach-O thin (arm64) [com.onesignal.OneSignalCore]
2025-06-20 11:16:26 +0000  Entitlements for <IDEDistributionItem: 0x60003b482ca0; bundleID='com.onesignal.OneSignalExtension', path='<DVTFilePath:0x60000f9d8af0:'/Users/saurabh/Library/Developer/Xcode/Archives/2025-06-20/HrOnTips 6-20-25, 4.46 PM.xcarchive/Products/Applications/HrOnTips.app/Frameworks/OneSignalExtension.framework'>', codeSigningInfo='<_DVTCodeSigningInformation_Path: 0x60001f736f30; isSigned='1', isAdHocSigned='0', signingCertificate='<DVTSigningCertificate: 0x600032baf3c0; name='Apple Development: Jagmeet Singh (36F222LW4X)', hash='CFC1B3C8991330627A48A80D008FAA2477EEBF9A', serialNumber='54DFB7B8D0ABF7EC9105C5CBE75A26E1', certificateKinds='(
    "1.2.840.113635.100.6.1.12",
    "1.2.840.113635.100.6.1.2"
), issueDate='2025-04-15 09:10:31 +0000''>', entitlements='(null)', teamID='7858VWW5K7', identifier='com.onesignal.OneSignalExtension', executablePath='<DVTFilePath:0x60000f9d0380:'/Users/saurabh/Library/Developer/Xcode/Archives/2025-06-20/HrOnTips 6-20-25, 4.46 PM.xcarchive/Products/Applications/HrOnTips.app/Frameworks/OneSignalExtension.framework/OneSignalExtension'>', hardenedRuntime='0'>'>: {
}
2025-06-20 11:16:26 +0000  Associated App Clip Identifiers Filter: Skipping because "com.apple.developer.associated-appclip-app-identifiers" is not present
2025-06-20 11:16:26 +0000  Entitlements for <IDEDistributionItem: 0x60003b482ca0; bundleID='com.onesignal.OneSignalExtension', path='<DVTFilePath:0x60000f9d8af0:'/Users/saurabh/Library/Developer/Xcode/Archives/2025-06-20/HrOnTips 6-20-25, 4.46 PM.xcarchive/Products/Applications/HrOnTips.app/Frameworks/OneSignalExtension.framework'>', codeSigningInfo='<_DVTCodeSigningInformation_Path: 0x60001f736f30; isSigned='1', isAdHocSigned='0', signingCertificate='<DVTSigningCertificate: 0x600032bb7900; name='Apple Development: Jagmeet Singh (36F222LW4X)', hash='CFC1B3C8991330627A48A80D008FAA2477EEBF9A', serialNumber='54DFB7B8D0ABF7EC9105C5CBE75A26E1', certificateKinds='(
    "1.2.840.113635.100.6.1.12",
    "1.2.840.113635.100.6.1.2"
), issueDate='2025-04-15 09:10:31 +0000''>', entitlements='(null)', teamID='7858VWW5K7', identifier='com.onesignal.OneSignalExtension', executablePath='<DVTFilePath:0x60000f9d0380:'/Users/saurabh/Library/Developer/Xcode/Archives/2025-06-20/HrOnTips 6-20-25, 4.46 PM.xcarchive/Products/Applications/HrOnTips.app/Frameworks/OneSignalExtension.framework/OneSignalExtension'>', hardenedRuntime='0'>'> are: {
}
2025-06-20 11:16:26 +0000  Writing entitlements for <IDEDistributionItem: 0x60003b482ca0; bundleID='com.onesignal.OneSignalExtension', path='<DVTFilePath:0x60000f9d8af0:'/Users/saurabh/Library/Developer/Xcode/Archives/2025-06-20/HrOnTips 6-20-25, 4.46 PM.xcarchive/Products/Applications/HrOnTips.app/Frameworks/OneSignalExtension.framework'>', codeSigningInfo='<_DVTCodeSigningInformation_Path: 0x60001f736f30; isSigned='1', isAdHocSigned='0', signingCertificate='<DVTSigningCertificate: 0x600032bb0c00; name='Apple Development: Jagmeet Singh (36F222LW4X)', hash='CFC1B3C8991330627A48A80D008FAA2477EEBF9A', serialNumber='54DFB7B8D0ABF7EC9105C5CBE75A26E1', certificateKinds='(
    "1.2.840.113635.100.6.1.12",
    "1.2.840.113635.100.6.1.2"
), issueDate='2025-04-15 09:10:31 +0000''>', entitlements='(null)', teamID='7858VWW5K7', identifier='com.onesignal.OneSignalExtension', executablePath='<DVTFilePath:0x60000f9d0380:'/Users/saurabh/Library/Developer/Xcode/Archives/2025-06-20/HrOnTips 6-20-25, 4.46 PM.xcarchive/Products/Applications/HrOnTips.app/Frameworks/OneSignalExtension.framework/OneSignalExtension'>', hardenedRuntime='0'>'> to: /var/folders/7b/td5rhl0n0q77zm2zg4c8yqgc0000gp/T/XcodeDistPipeline.~~~E9USoK/entitlements~~~Bwg86s
2025-06-20 11:16:26 +0000  invoking codesign: <NSConcreteTask: 0x60001f769a40; launchPath='/usr/bin/codesign', arguments='(
    "-f",
    "-s",
    335B1F1B02AFDCC24344832EB75F452987EBC8BE,
    "--entitlements",
    "/var/folders/7b/td5rhl0n0q77zm2zg4c8yqgc0000gp/T/XcodeDistPipeline.~~~E9USoK/entitlements~~~Bwg86s",
    "--preserve-metadata=identifier,flags,runtime",
    "--generate-entitlement-der",
    "--strip-disallowed-xattrs",
    "-vvv",
    "/var/folders/7b/td5rhl0n0q77zm2zg4c8yqgc0000gp/T/XcodeDistPipeline.~~~E9USoK/Root/Payload/HrOnTips.app/Frameworks/OneSignalExtension.framework"
)'>
2025-06-20 11:16:26 +0000  codesign output: /var/folders/7b/td5rhl0n0q77zm2zg4c8yqgc0000gp/T/XcodeDistPipeline.~~~E9USoK/Root/Payload/HrOnTips.app/Frameworks/OneSignalExtension.framework: replacing existing signature
/var/folders/7b/td5rhl0n0q77zm2zg4c8yqgc0000gp/T/XcodeDistPipeline.~~~E9USoK/Root/Payload/HrOnTips.app/Frameworks/OneSignalExtension.framework: signed bundle with Mach-O thin (arm64) [com.onesignal.OneSignalExtension]
2025-06-20 11:16:26 +0000  Entitlements for <IDEDistributionItem: 0x600037bb3de0; bundleID='com.onesignal.OneSignalOutcomes', path='<DVTFilePath:0x60000f9c3b80:'/Users/saurabh/Library/Developer/Xcode/Archives/2025-06-20/HrOnTips 6-20-25, 4.46 PM.xcarchive/Products/Applications/HrOnTips.app/Frameworks/OneSignalOutcomes.framework'>', codeSigningInfo='<_DVTCodeSigningInformation_Path: 0x60003714d4f0; isSigned='1', isAdHocSigned='0', signingCertificate='<DVTSigningCertificate: 0x600032b9cf00; name='Apple Development: Jagmeet Singh (36F222LW4X)', hash='CFC1B3C8991330627A48A80D008FAA2477EEBF9A', serialNumber='54DFB7B8D0ABF7EC9105C5CBE75A26E1', certificateKinds='(
    "1.2.840.113635.100.6.1.12",
    "1.2.840.113635.100.6.1.2"
), issueDate='2025-04-15 09:10:31 +0000''>', entitlements='(null)', teamID='7858VWW5K7', identifier='com.onesignal.OneSignalOutcomes', executablePath='<DVTFilePath:0x60000f9c3330:'/Users/saurabh/Library/Developer/Xcode/Archives/2025-06-20/HrOnTips 6-20-25, 4.46 PM.xcarchive/Products/Applications/HrOnTips.app/Frameworks/OneSignalOutcomes.framework/OneSignalOutcomes'>', hardenedRuntime='0'>'>: {
}
2025-06-20 11:16:26 +0000  Associated App Clip Identifiers Filter: Skipping because "com.apple.developer.associated-appclip-app-identifiers" is not present
2025-06-20 11:16:26 +0000  Entitlements for <IDEDistributionItem: 0x600037bb3de0; bundleID='com.onesignal.OneSignalOutcomes', path='<DVTFilePath:0x60000f9c3b80:'/Users/saurabh/Library/Developer/Xcode/Archives/2025-06-20/HrOnTips 6-20-25, 4.46 PM.xcarchive/Products/Applications/HrOnTips.app/Frameworks/OneSignalOutcomes.framework'>', codeSigningInfo='<_DVTCodeSigningInformation_Path: 0x60003714d4f0; isSigned='1', isAdHocSigned='0', signingCertificate='<DVTSigningCertificate: 0x600032b9e1c0; name='Apple Development: Jagmeet Singh (36F222LW4X)', hash='CFC1B3C8991330627A48A80D008FAA2477EEBF9A', serialNumber='54DFB7B8D0ABF7EC9105C5CBE75A26E1', certificateKinds='(
    "1.2.840.113635.100.6.1.12",
    "1.2.840.113635.100.6.1.2"
), issueDate='2025-04-15 09:10:31 +0000''>', entitlements='(null)', teamID='7858VWW5K7', identifier='com.onesignal.OneSignalOutcomes', executablePath='<DVTFilePath:0x60000f9c3330:'/Users/saurabh/Library/Developer/Xcode/Archives/2025-06-20/HrOnTips 6-20-25, 4.46 PM.xcarchive/Products/Applications/HrOnTips.app/Frameworks/OneSignalOutcomes.framework/OneSignalOutcomes'>', hardenedRuntime='0'>'> are: {
}
2025-06-20 11:16:26 +0000  Writing entitlements for <IDEDistributionItem: 0x600037bb3de0; bundleID='com.onesignal.OneSignalOutcomes', path='<DVTFilePath:0x60000f9c3b80:'/Users/saurabh/Library/Developer/Xcode/Archives/2025-06-20/HrOnTips 6-20-25, 4.46 PM.xcarchive/Products/Applications/HrOnTips.app/Frameworks/OneSignalOutcomes.framework'>', codeSigningInfo='<_DVTCodeSigningInformation_Path: 0x60003714d4f0; isSigned='1', isAdHocSigned='0', signingCertificate='<DVTSigningCertificate: 0x600032bb7900; name='Apple Development: Jagmeet Singh (36F222LW4X)', hash='CFC1B3C8991330627A48A80D008FAA2477EEBF9A', serialNumber='54DFB7B8D0ABF7EC9105C5CBE75A26E1', certificateKinds='(
    "1.2.840.113635.100.6.1.12",
    "1.2.840.113635.100.6.1.2"
), issueDate='2025-04-15 09:10:31 +0000''>', entitlements='(null)', teamID='7858VWW5K7', identifier='com.onesignal.OneSignalOutcomes', executablePath='<DVTFilePath:0x60000f9c3330:'/Users/saurabh/Library/Developer/Xcode/Archives/2025-06-20/HrOnTips 6-20-25, 4.46 PM.xcarchive/Products/Applications/HrOnTips.app/Frameworks/OneSignalOutcomes.framework/OneSignalOutcomes'>', hardenedRuntime='0'>'> to: /var/folders/7b/td5rhl0n0q77zm2zg4c8yqgc0000gp/T/XcodeDistPipeline.~~~E9USoK/entitlements~~~OJ6gkj
2025-06-20 11:16:26 +0000  invoking codesign: <NSConcreteTask: 0x6000072963f0; launchPath='/usr/bin/codesign', arguments='(
    "-f",
    "-s",
    335B1F1B02AFDCC24344832EB75F452987EBC8BE,
    "--entitlements",
    "/var/folders/7b/td5rhl0n0q77zm2zg4c8yqgc0000gp/T/XcodeDistPipeline.~~~E9USoK/entitlements~~~OJ6gkj",
    "--preserve-metadata=identifier,flags,runtime",
    "--generate-entitlement-der",
    "--strip-disallowed-xattrs",
    "-vvv",
    "/var/folders/7b/td5rhl0n0q77zm2zg4c8yqgc0000gp/T/XcodeDistPipeline.~~~E9USoK/Root/Payload/HrOnTips.app/Frameworks/OneSignalOutcomes.framework"
)'>
2025-06-20 11:16:26 +0000  codesign output: /var/folders/7b/td5rhl0n0q77zm2zg4c8yqgc0000gp/T/XcodeDistPipeline.~~~E9USoK/Root/Payload/HrOnTips.app/Frameworks/OneSignalOutcomes.framework: replacing existing signature
/var/folders/7b/td5rhl0n0q77zm2zg4c8yqgc0000gp/T/XcodeDistPipeline.~~~E9USoK/Root/Payload/HrOnTips.app/Frameworks/OneSignalOutcomes.framework: signed bundle with Mach-O thin (arm64) [com.onesignal.OneSignalOutcomes]
2025-06-20 11:16:26 +0000  Entitlements for <IDEDistributionItem: 0x600037bb2ee0; bundleID='org.native.HrOnTips2', path='<DVTFilePath:0x60003bb810e0:'/Users/saurabh/Library/Developer/Xcode/Archives/2025-06-20/HrOnTips 6-20-25, 4.46 PM.xcarchive/Products/Applications/HrOnTips.app'>', codeSigningInfo='<_DVTCodeSigningInformation_Path: 0x60001f736d00; isSigned='1', isAdHocSigned='0', signingCertificate='<DVTSigningCertificate: 0x600032b9cf00; name='Apple Development: Jagmeet Singh (36F222LW4X)', hash='CFC1B3C8991330627A48A80D008FAA2477EEBF9A', serialNumber='54DFB7B8D0ABF7EC9105C5CBE75A26E1', certificateKinds='(
    "1.2.840.113635.100.6.1.12",
    "1.2.840.113635.100.6.1.2"
), issueDate='2025-04-15 09:10:31 +0000''>', entitlements='{
    "application-identifier" = "7858VWW5K7.org.native.HrOnTips2";
    "aps-environment" = development;
    "com.apple.developer.team-identifier" = 7858VWW5K7;
    "get-task-allow" = 1;
}', teamID='7858VWW5K7', identifier='org.native.HrOnTips2', executablePath='<DVTFilePath:0x600037563a20:'/Users/saurabh/Library/Developer/Xcode/Archives/2025-06-20/HrOnTips 6-20-25, 4.46 PM.xcarchive/Products/Applications/HrOnTips.app/HrOnTips'>', hardenedRuntime='0'>'>: {
    "application-identifier" = "7858VWW5K7.org.native.HrOnTips2";
    "aps-environment" = production;
    "com.apple.developer.team-identifier" = 7858VWW5K7;
    "get-task-allow" = 0;
}
2025-06-20 11:16:26 +0000  Associated App Clip Identifiers Filter: Skipping because "com.apple.developer.associated-appclip-app-identifiers" is not present
2025-06-20 11:16:26 +0000  Entitlements for <IDEDistributionItem: 0x600037bb2ee0; bundleID='org.native.HrOnTips2', path='<DVTFilePath:0x60003bb810e0:'/Users/saurabh/Library/Developer/Xcode/Archives/2025-06-20/HrOnTips 6-20-25, 4.46 PM.xcarchive/Products/Applications/HrOnTips.app'>', codeSigningInfo='<_DVTCodeSigningInformation_Path: 0x60001f736d00; isSigned='1', isAdHocSigned='0', signingCertificate='<DVTSigningCertificate: 0x600032bb7900; name='Apple Development: Jagmeet Singh (36F222LW4X)', hash='CFC1B3C8991330627A48A80D008FAA2477EEBF9A', serialNumber='54DFB7B8D0ABF7EC9105C5CBE75A26E1', certificateKinds='(
    "1.2.840.113635.100.6.1.12",
    "1.2.840.113635.100.6.1.2"
), issueDate='2025-04-15 09:10:31 +0000''>', entitlements='{
    "application-identifier" = "7858VWW5K7.org.native.HrOnTips2";
    "aps-environment" = development;
    "com.apple.developer.team-identifier" = 7858VWW5K7;
    "get-task-allow" = 1;
}', teamID='7858VWW5K7', identifier='org.native.HrOnTips2', executablePath='<DVTFilePath:0x600037563a20:'/Users/saurabh/Library/Developer/Xcode/Archives/2025-06-20/HrOnTips 6-20-25, 4.46 PM.xcarchive/Products/Applications/HrOnTips.app/HrOnTips'>', hardenedRuntime='0'>'> are: {
    "application-identifier" = "7858VWW5K7.org.native.HrOnTips2";
    "aps-environment" = production;
    "com.apple.developer.team-identifier" = 7858VWW5K7;
    "get-task-allow" = 0;
}
2025-06-20 11:16:26 +0000  Writing entitlements for <IDEDistributionItem: 0x600037bb2ee0; bundleID='org.native.HrOnTips2', path='<DVTFilePath:0x60003bb810e0:'/Users/saurabh/Library/Developer/Xcode/Archives/2025-06-20/HrOnTips 6-20-25, 4.46 PM.xcarchive/Products/Applications/HrOnTips.app'>', codeSigningInfo='<_DVTCodeSigningInformation_Path: 0x60001f736d00; isSigned='1', isAdHocSigned='0', signingCertificate='<DVTSigningCertificate: 0x600032baf3c0; name='Apple Development: Jagmeet Singh (36F222LW4X)', hash='CFC1B3C8991330627A48A80D008FAA2477EEBF9A', serialNumber='54DFB7B8D0ABF7EC9105C5CBE75A26E1', certificateKinds='(
    "1.2.840.113635.100.6.1.12",
    "1.2.840.113635.100.6.1.2"
), issueDate='2025-04-15 09:10:31 +0000''>', entitlements='{
    "application-identifier" = "7858VWW5K7.org.native.HrOnTips2";
    "aps-environment" = development;
    "com.apple.developer.team-identifier" = 7858VWW5K7;
    "get-task-allow" = 1;
}', teamID='7858VWW5K7', identifier='org.native.HrOnTips2', executablePath='<DVTFilePath:0x600037563a20:'/Users/saurabh/Library/Developer/Xcode/Archives/2025-06-20/HrOnTips 6-20-25, 4.46 PM.xcarchive/Products/Applications/HrOnTips.app/HrOnTips'>', hardenedRuntime='0'>'> to: /var/folders/7b/td5rhl0n0q77zm2zg4c8yqgc0000gp/T/XcodeDistPipeline.~~~E9USoK/entitlements~~~xt0ix4
2025-06-20 11:16:26 +0000  invoking codesign: <NSConcreteTask: 0x60000771edf0; launchPath='/usr/bin/codesign', arguments='(
    "-f",
    "-s",
    335B1F1B02AFDCC24344832EB75F452987EBC8BE,
    "--entitlements",
    "/var/folders/7b/td5rhl0n0q77zm2zg4c8yqgc0000gp/T/XcodeDistPipeline.~~~E9USoK/entitlements~~~xt0ix4",
    "--preserve-metadata=identifier,flags,runtime",
    "--generate-entitlement-der",
    "--strip-disallowed-xattrs",
    "-vvv",
    "/var/folders/7b/td5rhl0n0q77zm2zg4c8yqgc0000gp/T/XcodeDistPipeline.~~~E9USoK/Root/Payload/HrOnTips.app"
)'>
2025-06-20 11:16:26 +0000  codesign output: /var/folders/7b/td5rhl0n0q77zm2zg4c8yqgc0000gp/T/XcodeDistPipeline.~~~E9USoK/Root/Payload/HrOnTips.app: replacing existing signature
/var/folders/7b/td5rhl0n0q77zm2zg4c8yqgc0000gp/T/XcodeDistPipeline.~~~E9USoK/Root/Payload/HrOnTips.app: signed app bundle with Mach-O thin (arm64) [org.native.HrOnTips2]
2025-06-20 11:16:26 +0000  Processing step: IDEDistributionZipODRItemStep
2025-06-20 11:16:26 +0000  Skipping step: IDEDistributionZipODRItemStep because it said so
2025-06-20 11:16:26 +0000  Skipping step: IDEDistributionZipODRItemStep because it said so
2025-06-20 11:16:26 +0000  Skipping step: IDEDistributionZipODRItemStep because it said so
2025-06-20 11:16:26 +0000  Skipping step: IDEDistributionZipODRItemStep because it said so
2025-06-20 11:16:26 +0000  Skipping step: IDEDistributionZipODRItemStep because it said so
2025-06-20 11:16:26 +0000  Processing step: IDEDistributionCreateIPAStep
2025-06-20 11:16:26 +0000  Running /usr/bin/ditto '-V' '-c' '-k' '--norsrc' '/var/folders/7b/td5rhl0n0q77zm2zg4c8yqgc0000gp/T/XcodeDistPipeline.~~~E9USoK/Root' '/var/folders/7b/td5rhl0n0q77zm2zg4c8yqgc0000gp/T/XcodeDistPipeline.~~~E9USoK/Packages/HrOnTips.ipa'
2025-06-20 11:16:26 +0000  >>> Copying /var/folders/7b/td5rhl0n0q77zm2zg4c8yqgc0000gp/T/XcodeDistPipeline.~~~E9USoK/Root 
2025-06-20 11:16:26 +0000  copying file ./Payload/HrOnTips.app/_CodeSignature/CodeResources ... 
2025-06-20 11:16:26 +0000  89570 bytes for ./Payload/HrOnTips.app/_CodeSignature/CodeResources
2025-06-20 11:16:26 +0000  copying file ./Payload/HrOnTips.app/WorkSans-Regular.ttf ... 
2025-06-20 11:16:26 +0000  135828 bytes for ./Payload/HrOnTips.app/WorkSans-Regular.ttf
2025-06-20 11:16:26 +0000  copying file ./Payload/HrOnTips.app/Fontisto.ttf ... 
2025-06-20 11:16:26 +0000  313528 bytes for ./Payload/HrOnTips.app/Fontisto.ttf
2025-06-20 11:16:26 +0000  copying file ./Payload/HrOnTips.app/Octicons.ttf ... 
2025-06-20 11:16:26 +0000  49404 bytes for ./Payload/HrOnTips.app/Octicons.ttf
2025-06-20 11:16:26 +0000  copying file ./Payload/HrOnTips.app/Feather.ttf ... 
2025-06-20 11:16:26 +0000  56228 bytes for ./Payload/HrOnTips.app/Feather.ttf
2025-06-20 11:16:26 +0000  copying file ./Payload/HrOnTips.app/WorkSans-Light.ttf ... 
2025-06-20 11:16:26 +0000  136980 bytes for ./Payload/HrOnTips.app/WorkSans-Light.ttf
2025-06-20 11:16:26 +0000  copying file ./Payload/HrOnTips.app/Entypo.ttf ... 
2025-06-20 11:16:26 +0000  66200 bytes for ./Payload/HrOnTips.app/Entypo.ttf
2025-06-20 11:16:26 +0000  copying file ./Payload/HrOnTips.app/WorkSans-ExtraBold.ttf ... 
2025-06-20 11:16:26 +0000  146244 bytes for ./Payload/HrOnTips.app/WorkSans-ExtraBold.ttf
2025-06-20 11:16:26 +0000  copying file ./Payload/HrOnTips.app/QBImagePicker.bundle/de.lproj/QBImagePicker.strings ... 
2025-06-20 11:16:26 +0000  1131 bytes for ./Payload/HrOnTips.app/QBImagePicker.bundle/de.lproj/QBImagePicker.strings
2025-06-20 11:16:26 +0000  copying file ./Payload/HrOnTips.app/QBImagePicker.bundle/zh-Hans.lproj/QBImagePicker.strings ... 
2025-06-20 11:16:26 +0000  1119 bytes for ./Payload/HrOnTips.app/QBImagePicker.bundle/zh-Hans.lproj/QBImagePicker.strings
2025-06-20 11:16:26 +0000  copying file ./Payload/HrOnTips.app/QBImagePicker.bundle/ja.lproj/QBImagePicker.strings ... 
2025-06-20 11:16:26 +0000  1214 bytes for ./Payload/HrOnTips.app/QBImagePicker.bundle/ja.lproj/QBImagePicker.strings
2025-06-20 11:16:26 +0000  copying file ./Payload/HrOnTips.app/QBImagePicker.bundle/en.lproj/QBImagePicker.strings ... 
2025-06-20 11:16:26 +0000  1064 bytes for ./Payload/HrOnTips.app/QBImagePicker.bundle/en.lproj/QBImagePicker.strings
2025-06-20 11:16:26 +0000  copying file ./Payload/HrOnTips.app/QBImagePicker.bundle/uk.lproj/QBImagePicker.strings ... 
2025-06-20 11:16:26 +0000  1398 bytes for ./Payload/HrOnTips.app/QBImagePicker.bundle/uk.lproj/QBImagePicker.strings
2025-06-20 11:16:26 +0000  copying file ./Payload/HrOnTips.app/QBImagePicker.bundle/QBImagePicker.storyboardc/QiH-NZ-ZGN-view-sD2-zK-ryo.nib/runtime.nib ... 
2025-06-20 11:16:26 +0000  10065 bytes for ./Payload/HrOnTips.app/QBImagePicker.bundle/QBImagePicker.storyboardc/QiH-NZ-ZGN-view-sD2-zK-ryo.nib/runtime.nib
2025-06-20 11:16:26 +0000  copying file ./Payload/HrOnTips.app/QBImagePicker.bundle/QBImagePicker.storyboardc/QiH-NZ-ZGN-view-sD2-zK-ryo.nib/objects-12.3+.nib ... 
2025-06-20 11:16:26 +0000  10292 bytes for ./Payload/HrOnTips.app/QBImagePicker.bundle/QBImagePicker.storyboardc/QiH-NZ-ZGN-view-sD2-zK-ryo.nib/objects-12.3+.nib
2025-06-20 11:16:26 +0000  copying file ./Payload/HrOnTips.app/QBImagePicker.bundle/QBImagePicker.storyboardc/QBAlbumsViewController.nib/runtime.nib ... 
2025-06-20 11:16:26 +0000  1800 bytes for ./Payload/HrOnTips.app/QBImagePicker.bundle/QBImagePicker.storyboardc/QBAlbumsViewController.nib/runtime.nib
2025-06-20 11:16:26 +0000  copying file ./Payload/HrOnTips.app/QBImagePicker.bundle/QBImagePicker.storyboardc/QBAlbumsViewController.nib/objects-12.3+.nib ... 
2025-06-20 11:16:26 +0000  1800 bytes for ./Payload/HrOnTips.app/QBImagePicker.bundle/QBImagePicker.storyboardc/QBAlbumsViewController.nib/objects-12.3+.nib
2025-06-20 11:16:26 +0000  copying file ./Payload/HrOnTips.app/QBImagePicker.bundle/QBImagePicker.storyboardc/QBAssetsViewController.nib/runtime.nib ... 
2025-06-20 11:16:26 +0000  1393 bytes for ./Payload/HrOnTips.app/QBImagePicker.bundle/QBImagePicker.storyboardc/QBAssetsViewController.nib/runtime.nib
2025-06-20 11:16:26 +0000  copying file ./Payload/HrOnTips.app/QBImagePicker.bundle/QBImagePicker.storyboardc/QBAssetsViewController.nib/objects-12.3+.nib ... 
2025-06-20 11:16:26 +0000  1393 bytes for ./Payload/HrOnTips.app/QBImagePicker.bundle/QBImagePicker.storyboardc/QBAssetsViewController.nib/objects-12.3+.nib
2025-06-20 11:16:26 +0000  copying file ./Payload/HrOnTips.app/QBImagePicker.bundle/QBImagePicker.storyboardc/QL5-wR-LYt-view-66K-TS-Yoc.nib/runtime.nib ... 
2025-06-20 11:16:26 +0000  7037 bytes for ./Payload/HrOnTips.app/QBImagePicker.bundle/QBImagePicker.storyboardc/QL5-wR-LYt-view-66K-TS-Yoc.nib/runtime.nib
2025-06-20 11:16:26 +0000  copying file ./Payload/HrOnTips.app/QBImagePicker.bundle/QBImagePicker.storyboardc/QL5-wR-LYt-view-66K-TS-Yoc.nib/objects-12.3+.nib ... 
2025-06-20 11:16:26 +0000  7037 bytes for ./Payload/HrOnTips.app/QBImagePicker.bundle/QBImagePicker.storyboardc/QL5-wR-LYt-view-66K-TS-Yoc.nib/objects-12.3+.nib
2025-06-20 11:16:26 +0000  copying file ./Payload/HrOnTips.app/QBImagePicker.bundle/QBImagePicker.storyboardc/QBAlbumsNavigationController.nib/runtime.nib ... 
2025-06-20 11:16:26 +0000  2631 bytes for ./Payload/HrOnTips.app/QBImagePicker.bundle/QBImagePicker.storyboardc/QBAlbumsNavigationController.nib/runtime.nib
2025-06-20 11:16:26 +0000  copying file ./Payload/HrOnTips.app/QBImagePicker.bundle/QBImagePicker.storyboardc/QBAlbumsNavigationController.nib/objects-12.3+.nib ... 
2025-06-20 11:16:26 +0000  2631 bytes for ./Payload/HrOnTips.app/QBImagePicker.bundle/QBImagePicker.storyboardc/QBAlbumsNavigationController.nib/objects-12.3+.nib
2025-06-20 11:16:26 +0000  copying file ./Payload/HrOnTips.app/QBImagePicker.bundle/QBImagePicker.storyboardc/Info.plist ... 
2025-06-20 11:16:26 +0000  289 bytes for ./Payload/HrOnTips.app/QBImagePicker.bundle/QBImagePicker.storyboardc/Info.plist
2025-06-20 11:16:26 +0000  copying file ./Payload/HrOnTips.app/QBImagePicker.bundle/es.lproj/QBImagePicker.strings ... 
2025-06-20 11:16:26 +0000  1113 bytes for ./Payload/HrOnTips.app/QBImagePicker.bundle/es.lproj/QBImagePicker.strings
2025-06-20 11:16:26 +0000  copying file ./Payload/HrOnTips.app/QBImagePicker.bundle/it.lproj/QBImagePicker.strings ... 
2025-06-20 11:16:26 +0000  1088 bytes for ./Payload/HrOnTips.app/QBImagePicker.bundle/it.lproj/QBImagePicker.strings
2025-06-20 11:16:26 +0000  copying file ./Payload/HrOnTips.app/QBImagePicker.bundle/sv.lproj/QBImagePicker.strings ... 
2025-06-20 11:16:26 +0000  1082 bytes for ./Payload/HrOnTips.app/QBImagePicker.bundle/sv.lproj/QBImagePicker.strings
2025-06-20 11:16:26 +0000  copying file ./Payload/HrOnTips.app/QBImagePicker.bundle/ko.lproj/QBImagePicker.strings ... 
2025-06-20 11:16:26 +0000  1139 bytes for ./Payload/HrOnTips.app/QBImagePicker.bundle/ko.lproj/QBImagePicker.strings
2025-06-20 11:16:26 +0000  copying file ./Payload/HrOnTips.app/QBImagePicker.bundle/zh-Hant.lproj/QBImagePicker.strings ... 
2025-06-20 11:16:26 +0000  1119 bytes for ./Payload/HrOnTips.app/QBImagePicker.bundle/zh-Hant.lproj/QBImagePicker.strings
2025-06-20 11:16:26 +0000  copying file ./Payload/HrOnTips.app/QBImagePicker.bundle/tr.lproj/QBImagePicker.strings ... 
2025-06-20 11:16:26 +0000  1104 bytes for ./Payload/HrOnTips.app/QBImagePicker.bundle/tr.lproj/QBImagePicker.strings
2025-06-20 11:16:26 +0000  copying file ./Payload/HrOnTips.app/QBImagePicker.bundle/pl.lproj/QBImagePicker.strings ... 
2025-06-20 11:16:26 +0000  1119 bytes for ./Payload/HrOnTips.app/QBImagePicker.bundle/pl.lproj/QBImagePicker.strings
2025-06-20 11:16:26 +0000  copying file ./Payload/HrOnTips.app/QBImagePicker.bundle/ru.lproj/QBImagePicker.strings ... 
2025-06-20 11:16:26 +0000  1433 bytes for ./Payload/HrOnTips.app/QBImagePicker.bundle/ru.lproj/QBImagePicker.strings
2025-06-20 11:16:26 +0000  copying file ./Payload/HrOnTips.app/QBImagePicker.bundle/fr.lproj/QBImagePicker.strings ... 
2025-06-20 11:16:26 +0000  1153 bytes for ./Payload/HrOnTips.app/QBImagePicker.bundle/fr.lproj/QBImagePicker.strings
2025-06-20 11:16:26 +0000  copying file ./Payload/HrOnTips.app/QBImagePicker.bundle/pt.lproj/QBImagePicker.strings ... 
2025-06-20 11:16:26 +0000  1112 bytes for ./Payload/HrOnTips.app/QBImagePicker.bundle/pt.lproj/QBImagePicker.strings
2025-06-20 11:16:26 +0000  copying file ./Payload/HrOnTips.app/QBImagePicker.bundle/ro.lproj/QBImagePicker.strings ... 
2025-06-20 11:16:26 +0000  1127 bytes for ./Payload/HrOnTips.app/QBImagePicker.bundle/ro.lproj/QBImagePicker.strings
2025-06-20 11:16:26 +0000  copying file ./Payload/HrOnTips.app/QBImagePicker.bundle/Info.plist ... 
2025-06-20 11:16:26 +0000  774 bytes for ./Payload/HrOnTips.app/QBImagePicker.bundle/Info.plist
2025-06-20 11:16:26 +0000  copying file ./Payload/HrOnTips.app/FontAwesome5_Brands.ttf ... 
2025-06-20 11:16:26 +0000  134040 bytes for ./Payload/HrOnTips.app/FontAwesome5_Brands.ttf
2025-06-20 11:16:26 +0000  copying file ./Payload/HrOnTips.app/MaterialCommunityIcons.ttf ... 
2025-06-20 11:16:26 +0000  1147844 bytes for ./Payload/HrOnTips.app/MaterialCommunityIcons.ttf
2025-06-20 11:16:26 +0000  copying file ./Payload/HrOnTips.app/FBLPromises_Privacy.bundle/PrivacyInfo.xcprivacy ... 
2025-06-20 11:16:26 +0000  373 bytes for ./Payload/HrOnTips.app/FBLPromises_Privacy.bundle/PrivacyInfo.xcprivacy
2025-06-20 11:16:26 +0000  copying file ./Payload/HrOnTips.app/FBLPromises_Privacy.bundle/Info.plist ... 
2025-06-20 11:16:26 +0000  787 bytes for ./Payload/HrOnTips.app/FBLPromises_Privacy.bundle/Info.plist
2025-06-20 11:16:26 +0000  copying file ./Payload/HrOnTips.app/AppIcon60x60@2x.png ... 
2025-06-20 11:16:26 +0000  9661 bytes for ./Payload/HrOnTips.app/AppIcon60x60@2x.png
2025-06-20 11:16:26 +0000  copying file ./Payload/HrOnTips.app/AntDesign.ttf ... 
2025-06-20 11:16:26 +0000  70344 bytes for ./Payload/HrOnTips.app/AntDesign.ttf
2025-06-20 11:16:26 +0000  copying file ./Payload/HrOnTips.app/WorkSans-ExtraLight.ttf ... 
2025-06-20 11:16:26 +0000  135500 bytes for ./Payload/HrOnTips.app/WorkSans-ExtraLight.ttf
2025-06-20 11:16:26 +0000  copying file ./Payload/HrOnTips.app/Foundation.ttf ... 
2025-06-20 11:16:26 +0000  56976 bytes for ./Payload/HrOnTips.app/Foundation.ttf
2025-06-20 11:16:26 +0000  copying file ./Payload/HrOnTips.app/Ionicons.ttf ... 
2025-06-20 11:16:26 +0000  247192 bytes for ./Payload/HrOnTips.app/Ionicons.ttf
2025-06-20 11:16:26 +0000  copying file ./Payload/HrOnTips.app/FontAwesome5_Solid.ttf ... 
2025-06-20 11:16:26 +0000  202744 bytes for ./Payload/HrOnTips.app/FontAwesome5_Solid.ttf
2025-06-20 11:16:26 +0000  copying file ./Payload/HrOnTips.app/GoogleDataTransport_Privacy.bundle/PrivacyInfo.xcprivacy ... 
2025-06-20 11:16:26 +0000  1105 bytes for ./Payload/HrOnTips.app/GoogleDataTransport_Privacy.bundle/PrivacyInfo.xcprivacy
2025-06-20 11:16:26 +0000  copying file ./Payload/HrOnTips.app/GoogleDataTransport_Privacy.bundle/Info.plist ... 
2025-06-20 11:16:26 +0000  803 bytes for ./Payload/HrOnTips.app/GoogleDataTransport_Privacy.bundle/Info.plist
2025-06-20 11:16:26 +0000  copying file ./Payload/HrOnTips.app/FontAwesome5_Regular.ttf ... 
2025-06-20 11:16:26 +0000  33736 bytes for ./Payload/HrOnTips.app/FontAwesome5_Regular.ttf
2025-06-20 11:16:26 +0000  copying file ./Payload/HrOnTips.app/WorkSans-Medium.ttf ... 
2025-06-20 11:16:26 +0000  143036 bytes for ./Payload/HrOnTips.app/WorkSans-Medium.ttf
2025-06-20 11:16:26 +0000  copying file ./Payload/HrOnTips.app/AccessibilityResources.bundle/en.lproj/Localizable.strings ... 
2025-06-20 11:16:26 +0000  518 bytes for ./Payload/HrOnTips.app/AccessibilityResources.bundle/en.lproj/Localizable.strings
2025-06-20 11:16:26 +0000  copying file ./Payload/HrOnTips.app/AccessibilityResources.bundle/Info.plist ... 
2025-06-20 11:16:26 +0000  795 bytes for ./Payload/HrOnTips.app/AccessibilityResources.bundle/Info.plist
2025-06-20 11:16:26 +0000  copying file ./Payload/HrOnTips.app/GoogleService-Info.plist ... 
2025-06-20 11:16:26 +0000  478 bytes for ./Payload/HrOnTips.app/GoogleService-Info.plist
2025-06-20 11:16:26 +0000  copying file ./Payload/HrOnTips.app/FontAwesome.ttf ... 
2025-06-20 11:16:26 +0000  165548 bytes for ./Payload/HrOnTips.app/FontAwesome.ttf
2025-06-20 11:16:26 +0000  copying file ./Payload/HrOnTips.app/Zocial.ttf ... 
2025-06-20 11:16:26 +0000  25788 bytes for ./Payload/HrOnTips.app/Zocial.ttf
2025-06-20 11:16:26 +0000  copying file ./Payload/HrOnTips.app/WorkSans-SemiBold.ttf ... 
2025-06-20 11:16:26 +0000  142548 bytes for ./Payload/HrOnTips.app/WorkSans-SemiBold.ttf
2025-06-20 11:16:26 +0000  copying file ./Payload/HrOnTips.app/Assets.car ... 
2025-06-20 11:16:26 +0000  225775 bytes for ./Payload/HrOnTips.app/Assets.car
2025-06-20 11:16:26 +0000  copying file ./Payload/HrOnTips.app/EvilIcons.ttf ... 
2025-06-20 11:16:26 +0000  13456 bytes for ./Payload/HrOnTips.app/EvilIcons.ttf
2025-06-20 11:16:26 +0000  copying file ./Payload/HrOnTips.app/GoogleUtilities_Privacy.bundle/PrivacyInfo.xcprivacy ... 
2025-06-20 11:16:26 +0000  1289 bytes for ./Payload/HrOnTips.app/GoogleUtilities_Privacy.bundle/PrivacyInfo.xcprivacy
2025-06-20 11:16:26 +0000  copying file ./Payload/HrOnTips.app/GoogleUtilities_Privacy.bundle/Info.plist ... 
2025-06-20 11:16:26 +0000  796 bytes for ./Payload/HrOnTips.app/GoogleUtilities_Privacy.bundle/Info.plist
2025-06-20 11:16:26 +0000  copying file ./Payload/HrOnTips.app/main.jsbundle ... 
2025-06-20 11:16:26 +0000  3040692 bytes for ./Payload/HrOnTips.app/main.jsbundle
2025-06-20 11:16:26 +0000  copying file ./Payload/HrOnTips.app/LaunchScreen.storyboardc/01J-lp-oVM-view-Ze5-6b-2t3.nib ... 
2025-06-20 11:16:26 +0000  1750 bytes for ./Payload/HrOnTips.app/LaunchScreen.storyboardc/01J-lp-oVM-view-Ze5-6b-2t3.nib
2025-06-20 11:16:26 +0000  copying file ./Payload/HrOnTips.app/LaunchScreen.storyboardc/UIViewController-01J-lp-oVM.nib ... 
2025-06-20 11:16:26 +0000  924 bytes for ./Payload/HrOnTips.app/LaunchScreen.storyboardc/UIViewController-01J-lp-oVM.nib
copying file ./Payload/HrOnTips.app/LaunchScreen.storyboardc/Info.plist ... 
2025-06-20 11:16:26 +0000  258 bytes for ./Payload/HrOnTips.app/LaunchScreen.storyboardc/Info.plist
2025-06-20 11:16:26 +0000  copying file ./Payload/HrOnTips.app/HrOnTips ... 
2025-06-20 11:16:26 +0000  4246192 bytes for ./Payload/HrOnTips.app/HrOnTips
2025-06-20 11:16:26 +0000  copying file ./Payload/HrOnTips.app/WorkSans-Thin.ttf ... 
2025-06-20 11:16:26 +0000  135044 bytes for ./Payload/HrOnTips.app/WorkSans-Thin.ttf
2025-06-20 11:16:26 +0000  copying file ./Payload/HrOnTips.app/WorkSans-Black.ttf ... 
2025-06-20 11:16:26 +0000  139644 bytes for ./Payload/HrOnTips.app/WorkSans-Black.ttf
2025-06-20 11:16:26 +0000  copying file ./Payload/HrOnTips.app/TOCropViewControllerBundle.bundle/de.lproj/TOCropViewControllerLocalizable.strings ... 
2025-06-20 11:16:26 +0000  189 bytes for ./Payload/HrOnTips.app/TOCropViewControllerBundle.bundle/de.lproj/TOCropViewControllerLocalizable.strings
2025-06-20 11:16:26 +0000  copying file ./Payload/HrOnTips.app/TOCropViewControllerBundle.bundle/ar.lproj/TOCropViewControllerLocalizable.strings ... 
2025-06-20 11:16:26 +0000  207 bytes for ./Payload/HrOnTips.app/TOCropViewControllerBundle.bundle/ar.lproj/TOCropViewControllerLocalizable.strings
2025-06-20 11:16:26 +0000  copying file ./Payload/HrOnTips.app/TOCropViewControllerBundle.bundle/zh-Hans.lproj/TOCropViewControllerLocalizable.strings ... 
2025-06-20 11:16:26 +0000  172 bytes for ./Payload/HrOnTips.app/TOCropViewControllerBundle.bundle/zh-Hans.lproj/TOCropViewControllerLocalizable.strings
2025-06-20 11:16:26 +0000  copying file ./Payload/HrOnTips.app/TOCropViewControllerBundle.bundle/ja.lproj/TOCropViewControllerLocalizable.strings ... 
2025-06-20 11:16:26 +0000  210 bytes for ./Payload/HrOnTips.app/TOCropViewControllerBundle.bundle/ja.lproj/TOCropViewControllerLocalizable.strings
2025-06-20 11:16:26 +0000  copying file ./Payload/HrOnTips.app/TOCropViewControllerBundle.bundle/fa.lproj/TOCropViewControllerLocalizable.strings ... 
2025-06-20 11:16:26 +0000  210 bytes for ./Payload/HrOnTips.app/TOCropViewControllerBundle.bundle/fa.lproj/TOCropViewControllerLocalizable.strings
2025-06-20 11:16:26 +0000  copying file ./Payload/HrOnTips.app/TOCropViewControllerBundle.bundle/en.lproj/TOCropViewControllerLocalizable.strings ... 
2025-06-20 11:16:26 +0000  168 bytes for ./Payload/HrOnTips.app/TOCropViewControllerBundle.bundle/en.lproj/TOCropViewControllerLocalizable.strings
2025-06-20 11:16:26 +0000  copying file ./Payload/HrOnTips.app/TOCropViewControllerBundle.bundle/uk.lproj/TOCropViewControllerLocalizable.strings ... 
2025-06-20 11:16:26 +0000  231 bytes for ./Payload/HrOnTips.app/TOCropViewControllerBundle.bundle/uk.lproj/TOCropViewControllerLocalizable.strings
2025-06-20 11:16:26 +0000  copying file ./Payload/HrOnTips.app/TOCropViewControllerBundle.bundle/es.lproj/TOCropViewControllerLocalizable.strings ... 
2025-06-20 11:16:26 +0000  179 bytes for ./Payload/HrOnTips.app/TOCropViewControllerBundle.bundle/es.lproj/TOCropViewControllerLocalizable.strings
2025-06-20 11:16:26 +0000  copying file ./Payload/HrOnTips.app/TOCropViewControllerBundle.bundle/it.lproj/TOCropViewControllerLocalizable.strings ... 
2025-06-20 11:16:26 +0000  181 bytes for ./Payload/HrOnTips.app/TOCropViewControllerBundle.bundle/it.lproj/TOCropViewControllerLocalizable.strings
2025-06-20 11:16:26 +0000  copying file ./Payload/HrOnTips.app/TOCropViewControllerBundle.bundle/sk.lproj/TOCropViewControllerLocalizable.strings ... 
2025-06-20 11:16:26 +0000  176 bytes for ./Payload/HrOnTips.app/TOCropViewControllerBundle.bundle/sk.lproj/TOCropViewControllerLocalizable.strings
2025-06-20 11:16:26 +0000  copying file ./Payload/HrOnTips.app/TOCropViewControllerBundle.bundle/ms.lproj/TOCropViewControllerLocalizable.strings ... 
2025-06-20 11:16:26 +0000  173 bytes for ./Payload/HrOnTips.app/TOCropViewControllerBundle.bundle/ms.lproj/TOCropViewControllerLocalizable.strings
2025-06-20 11:16:26 +0000  copying file ./Payload/HrOnTips.app/TOCropViewControllerBundle.bundle/cs.lproj/TOCropViewControllerLocalizable.strings ... 
2025-06-20 11:16:26 +0000  173 bytes for ./Payload/HrOnTips.app/TOCropViewControllerBundle.bundle/cs.lproj/TOCropViewControllerLocalizable.strings
2025-06-20 11:16:26 +0000  copying file ./Payload/HrOnTips.app/TOCropViewControllerBundle.bundle/ko.lproj/TOCropViewControllerLocalizable.strings ... 
2025-06-20 11:16:26 +0000  187 bytes for ./Payload/HrOnTips.app/TOCropViewControllerBundle.bundle/ko.lproj/TOCropViewControllerLocalizable.strings
2025-06-20 11:16:26 +0000  copying file ./Payload/HrOnTips.app/TOCropViewControllerBundle.bundle/Base.lproj/TOCropViewControllerLocalizable.strings ... 
2025-06-20 11:16:26 +0000  168 bytes for ./Payload/HrOnTips.app/TOCropViewControllerBundle.bundle/Base.lproj/TOCropViewControllerLocalizable.strings
2025-06-20 11:16:26 +0000  copying file ./Payload/HrOnTips.app/TOCropViewControllerBundle.bundle/zh-Hant.lproj/TOCropViewControllerLocalizable.strings ... 
2025-06-20 11:16:26 +0000  175 bytes for ./Payload/HrOnTips.app/TOCropViewControllerBundle.bundle/zh-Hant.lproj/TOCropViewControllerLocalizable.strings
2025-06-20 11:16:26 +0000  copying file ./Payload/HrOnTips.app/TOCropViewControllerBundle.bundle/fa-IR.lproj/TOCropViewControllerLocalizable.strings ... 
2025-06-20 11:16:26 +0000  210 bytes for ./Payload/HrOnTips.app/TOCropViewControllerBundle.bundle/fa-IR.lproj/TOCropViewControllerLocalizable.strings
2025-06-20 11:16:26 +0000  copying file ./Payload/HrOnTips.app/TOCropViewControllerBundle.bundle/hu.lproj/TOCropViewControllerLocalizable.strings ... 
2025-06-20 11:16:26 +0000  194 bytes for ./Payload/HrOnTips.app/TOCropViewControllerBundle.bundle/hu.lproj/TOCropViewControllerLocalizable.strings
2025-06-20 11:16:26 +0000  copying file ./Payload/HrOnTips.app/TOCropViewControllerBundle.bundle/da-DK.lproj/TOCropViewControllerLocalizable.strings ... 
2025-06-20 11:16:26 +0000  174 bytes for ./Payload/HrOnTips.app/TOCropViewControllerBundle.bundle/da-DK.lproj/TOCropViewControllerLocalizable.strings
2025-06-20 11:16:26 +0000  copying file ./Payload/HrOnTips.app/TOCropViewControllerBundle.bundle/tr.lproj/TOCropViewControllerLocalizable.strings ... 
2025-06-20 11:16:26 +0000  183 bytes for ./Payload/HrOnTips.app/TOCropViewControllerBundle.bundle/tr.lproj/TOCropViewControllerLocalizable.strings
2025-06-20 11:16:26 +0000  copying file ./Payload/HrOnTips.app/TOCropViewControllerBundle.bundle/pl.lproj/TOCropViewControllerLocalizable.strings ... 
2025-06-20 11:16:26 +0000  171 bytes for ./Payload/HrOnTips.app/TOCropViewControllerBundle.bundle/pl.lproj/TOCropViewControllerLocalizable.strings
2025-06-20 11:16:26 +0000  copying file ./Payload/HrOnTips.app/TOCropViewControllerBundle.bundle/pt-BR.lproj/TOCropViewControllerLocalizable.strings ... 
2025-06-20 11:16:26 +0000  181 bytes for ./Payload/HrOnTips.app/TOCropViewControllerBundle.bundle/pt-BR.lproj/TOCropViewControllerLocalizable.strings
2025-06-20 11:16:26 +0000  copying file ./Payload/HrOnTips.app/TOCropViewControllerBundle.bundle/vi.lproj/TOCropViewControllerLocalizable.strings ... 
2025-06-20 11:16:26 +0000  178 bytes for ./Payload/HrOnTips.app/TOCropViewControllerBundle.bundle/vi.lproj/TOCropViewControllerLocalizable.strings
2025-06-20 11:16:26 +0000  copying file ./Payload/HrOnTips.app/TOCropViewControllerBundle.bundle/PrivacyInfo.xcprivacy ... 
2025-06-20 11:16:26 +0000  373 bytes for ./Payload/HrOnTips.app/TOCropViewControllerBundle.bundle/PrivacyInfo.xcprivacy
2025-06-20 11:16:26 +0000  copying file ./Payload/HrOnTips.app/TOCropViewControllerBundle.bundle/ru.lproj/TOCropViewControllerLocalizable.strings ... 
2025-06-20 11:16:26 +0000  237 bytes for ./Payload/HrOnTips.app/TOCropViewControllerBundle.bundle/ru.lproj/TOCropViewControllerLocalizable.strings
2025-06-20 11:16:26 +0000  copying file ./Payload/HrOnTips.app/TOCropViewControllerBundle.bundle/fr.lproj/TOCropViewControllerLocalizable.strings ... 
2025-06-20 11:16:26 +0000  193 bytes for ./Payload/HrOnTips.app/TOCropViewControllerBundle.bundle/fr.lproj/TOCropViewControllerLocalizable.strings
2025-06-20 11:16:26 +0000  copying file ./Payload/HrOnTips.app/TOCropViewControllerBundle.bundle/fi.lproj/TOCropViewControllerLocalizable.strings ... 
2025-06-20 11:16:26 +0000  179 bytes for ./Payload/HrOnTips.app/TOCropViewControllerBundle.bundle/fi.lproj/TOCropViewControllerLocalizable.strings
2025-06-20 11:16:26 +0000  copying file ./Payload/HrOnTips.app/TOCropViewControllerBundle.bundle/id.lproj/TOCropViewControllerLocalizable.strings ... 
2025-06-20 11:16:26 +0000  178 bytes for ./Payload/HrOnTips.app/TOCropViewControllerBundle.bundle/id.lproj/TOCropViewControllerLocalizable.strings
2025-06-20 11:16:26 +0000  copying file ./Payload/HrOnTips.app/TOCropViewControllerBundle.bundle/nl.lproj/TOCropViewControllerLocalizable.strings ... 
2025-06-20 11:16:26 +0000  178 bytes for ./Payload/HrOnTips.app/TOCropViewControllerBundle.bundle/nl.lproj/TOCropViewControllerLocalizable.strings
2025-06-20 11:16:26 +0000  copying file ./Payload/HrOnTips.app/TOCropViewControllerBundle.bundle/pt.lproj/TOCropViewControllerLocalizable.strings ... 
2025-06-20 11:16:26 +0000  181 bytes for ./Payload/HrOnTips.app/TOCropViewControllerBundle.bundle/pt.lproj/TOCropViewControllerLocalizable.strings
2025-06-20 11:16:26 +0000  copying file ./Payload/HrOnTips.app/TOCropViewControllerBundle.bundle/ro.lproj/TOCropViewControllerLocalizable.strings ... 
2025-06-20 11:16:26 +0000  181 bytes for ./Payload/HrOnTips.app/TOCropViewControllerBundle.bundle/ro.lproj/TOCropViewControllerLocalizable.strings
2025-06-20 11:16:26 +0000  copying file ./Payload/HrOnTips.app/TOCropViewControllerBundle.bundle/Info.plist ... 
2025-06-20 11:16:26 +0000  802 bytes for ./Payload/HrOnTips.app/TOCropViewControllerBundle.bundle/Info.plist
2025-06-20 11:16:26 +0000  copying file ./Payload/HrOnTips.app/TOCropViewControllerBundle.bundle/ca.lproj/TOCropViewControllerLocalizable.strings ... 
2025-06-20 11:16:26 +0000  177 bytes for ./Payload/HrOnTips.app/TOCropViewControllerBundle.bundle/ca.lproj/TOCropViewControllerLocalizable.strings
2025-06-20 11:16:26 +0000  copying file ./Payload/HrOnTips.app/Frameworks/OneSignal.framework/_CodeSignature/CodeResources ... 
2025-06-20 11:16:26 +0000  2034 bytes for ./Payload/HrOnTips.app/Frameworks/OneSignal.framework/_CodeSignature/CodeResources
2025-06-20 11:16:26 +0000  copying file ./Payload/HrOnTips.app/Frameworks/OneSignal.framework/OneSignal ... 
2025-06-20 11:16:26 +0000  813696 bytes for ./Payload/HrOnTips.app/Frameworks/OneSignal.framework/OneSignal
2025-06-20 11:16:26 +0000  copying file ./Payload/HrOnTips.app/Frameworks/OneSignal.framework/PrivacyInfo.xcprivacy ... 
2025-06-20 11:16:26 +0000  2450 bytes for ./Payload/HrOnTips.app/Frameworks/OneSignal.framework/PrivacyInfo.xcprivacy
2025-06-20 11:16:26 +0000  copying file ./Payload/HrOnTips.app/Frameworks/OneSignal.framework/Info.plist ... 
2025-06-20 11:16:26 +0000  762 bytes for ./Payload/HrOnTips.app/Frameworks/OneSignal.framework/Info.plist
2025-06-20 11:16:26 +0000  copying file ./Payload/HrOnTips.app/Frameworks/OneSignalExtension.framework/_CodeSignature/CodeResources ... 
2025-06-20 11:16:26 +0000  2034 bytes for ./Payload/HrOnTips.app/Frameworks/OneSignalExtension.framework/_CodeSignature/CodeResources
2025-06-20 11:16:26 +0000  copying file ./Payload/HrOnTips.app/Frameworks/OneSignalExtension.framework/PrivacyInfo.xcprivacy ... 
2025-06-20 11:16:26 +0000  1316 bytes for ./Payload/HrOnTips.app/Frameworks/OneSignalExtension.framework/PrivacyInfo.xcprivacy
2025-06-20 11:16:26 +0000  copying file ./Payload/HrOnTips.app/Frameworks/OneSignalExtension.framework/OneSignalExtension ... 
2025-06-20 11:16:26 +0000  111264 bytes for ./Payload/HrOnTips.app/Frameworks/OneSignalExtension.framework/OneSignalExtension
2025-06-20 11:16:26 +0000  copying file ./Payload/HrOnTips.app/Frameworks/OneSignalExtension.framework/Info.plist ... 
2025-06-20 11:16:26 +0000  774 bytes for ./Payload/HrOnTips.app/Frameworks/OneSignalExtension.framework/Info.plist
2025-06-20 11:16:26 +0000  copying file ./Payload/HrOnTips.app/Frameworks/OneSignalCore.framework/_CodeSignature/CodeResources ... 
2025-06-20 11:16:26 +0000  2034 bytes for ./Payload/HrOnTips.app/Frameworks/OneSignalCore.framework/_CodeSignature/CodeResources
2025-06-20 11:16:26 +0000  copying file ./Payload/HrOnTips.app/Frameworks/OneSignalCore.framework/PrivacyInfo.xcprivacy ... 
2025-06-20 11:16:26 +0000  551 bytes for ./Payload/HrOnTips.app/Frameworks/OneSignalCore.framework/PrivacyInfo.xcprivacy
2025-06-20 11:16:26 +0000  copying file ./Payload/HrOnTips.app/Frameworks/OneSignalCore.framework/Info.plist ... 
2025-06-20 11:16:26 +0000  762 bytes for ./Payload/HrOnTips.app/Frameworks/OneSignalCore.framework/Info.plist
2025-06-20 11:16:26 +0000  copying file ./Payload/HrOnTips.app/Frameworks/OneSignalCore.framework/OneSignalCore ... 
2025-06-20 11:16:26 +0000  198736 bytes for ./Payload/HrOnTips.app/Frameworks/OneSignalCore.framework/OneSignalCore
2025-06-20 11:16:26 +0000  copying file ./Payload/HrOnTips.app/Frameworks/OneSignalOutcomes.framework/_CodeSignature/CodeResources ... 
2025-06-20 11:16:26 +0000  2034 bytes for ./Payload/HrOnTips.app/Frameworks/OneSignalOutcomes.framework/_CodeSignature/CodeResources
2025-06-20 11:16:26 +0000  copying file ./Payload/HrOnTips.app/Frameworks/OneSignalOutcomes.framework/PrivacyInfo.xcprivacy ... 
2025-06-20 11:16:26 +0000  941 bytes for ./Payload/HrOnTips.app/Frameworks/OneSignalOutcomes.framework/PrivacyInfo.xcprivacy
2025-06-20 11:16:26 +0000  copying file ./Payload/HrOnTips.app/Frameworks/OneSignalOutcomes.framework/Info.plist ... 
2025-06-20 11:16:26 +0000  772 bytes for ./Payload/HrOnTips.app/Frameworks/OneSignalOutcomes.framework/Info.plist
2025-06-20 11:16:26 +0000  copying file ./Payload/HrOnTips.app/Frameworks/OneSignalOutcomes.framework/OneSignalOutcomes ... 
2025-06-20 11:16:26 +0000  180512 bytes for ./Payload/HrOnTips.app/Frameworks/OneSignalOutcomes.framework/OneSignalOutcomes
2025-06-20 11:16:26 +0000  copying file ./Payload/HrOnTips.app/SimpleLineIcons.ttf ... 
2025-06-20 11:16:26 +0000  54056 bytes for ./Payload/HrOnTips.app/SimpleLineIcons.ttf
2025-06-20 11:16:26 +0000  copying file ./Payload/HrOnTips.app/embedded.mobileprovision ... 
2025-06-20 11:16:26 +0000  15239 bytes for ./Payload/HrOnTips.app/embedded.mobileprovision
2025-06-20 11:16:26 +0000  copying file ./Payload/HrOnTips.app/assets/js/Components/Image/map_svgrepo.com.png ... 
2025-06-20 11:16:26 +0000  257 bytes for ./Payload/HrOnTips.app/assets/js/Components/Image/map_svgrepo.com.png
2025-06-20 11:16:26 +0000  copying file ./Payload/HrOnTips.app/assets/js/Components/Image/Profile@3x.png ... 
2025-06-20 11:16:26 +0000  2221 bytes for ./Payload/HrOnTips.app/assets/js/Components/Image/Profile@3x.png
2025-06-20 11:16:26 +0000  copying file ./Payload/HrOnTips.app/assets/js/Components/Image/Grouplogout@3x.png ... 
2025-06-20 11:16:26 +0000  1141 bytes for ./Payload/HrOnTips.app/assets/js/Components/Image/Grouplogout@3x.png
2025-06-20 11:16:26 +0000  copying file ./Payload/HrOnTips.app/assets/js/Components/Image/buttonn@3x.png ... 
2025-06-20 11:16:26 +0000  98933 bytes for ./Payload/HrOnTips.app/assets/js/Components/Image/buttonn@3x.png
2025-06-20 11:16:26 +0000  copying file ./Payload/HrOnTips.app/assets/js/Components/Image/arrow-right-circle_svgrepo.com.png ... 
2025-06-20 11:16:26 +0000  960 bytes for ./Payload/HrOnTips.app/assets/js/Components/Image/arrow-right-circle_svgrepo.com.png
2025-06-20 11:16:26 +0000  copying file ./Payload/HrOnTips.app/assets/js/Components/Image/email.png ... 
2025-06-20 11:16:26 +0000  9904 bytes for ./Payload/HrOnTips.app/assets/js/Components/Image/email.png
2025-06-20 11:16:26 +0000  copying file ./Payload/HrOnTips.app/assets/js/Components/Image/loginback.png ... 
2025-06-20 11:16:26 +0000  276388 bytes for ./Payload/HrOnTips.app/assets/js/Components/Image/loginback.png
2025-06-20 11:16:26 +0000  copying file ./Payload/HrOnTips.app/assets/js/Components/Image/uploadd.png ... 
2025-06-20 11:16:26 +0000  564 bytes for ./Payload/HrOnTips.app/assets/js/Components/Image/uploadd.png
2025-06-20 11:16:26 +0000  copying file ./Payload/HrOnTips.app/assets/js/Components/Image/down@3x.png ... 
2025-06-20 11:16:26 +0000  445 bytes for ./Payload/HrOnTips.app/assets/js/Components/Image/down@3x.png
2025-06-20 11:16:26 +0000  copying file ./Payload/HrOnTips.app/assets/js/Components/Image/watch.png ... 
2025-06-20 11:16:26 +0000  571 bytes for ./Payload/HrOnTips.app/assets/js/Components/Image/watch.png
2025-06-20 11:16:26 +0000  copying file ./Payload/HrOnTips.app/assets/js/Components/Image/Plus.png ... 
2025-06-20 11:16:26 +0000  1813 bytes for ./Payload/HrOnTips.app/assets/js/Components/Image/Plus.png
2025-06-20 11:16:26 +0000  copying file ./Payload/HrOnTips.app/assets/js/Components/Image/greenapprov@3x.png ... 
2025-06-20 11:16:26 +0000  9945 bytes for ./Payload/HrOnTips.app/assets/js/Components/Image/greenapprov@3x.png
2025-06-20 11:16:26 +0000  copying file ./Payload/HrOnTips.app/assets/js/Components/Image/Lock@2x.png ... 
2025-06-20 11:16:26 +0000  700 bytes for ./Payload/HrOnTips.app/assets/js/Components/Image/Lock@2x.png
2025-06-20 11:16:26 +0000  copying file ./Payload/HrOnTips.app/assets/js/Components/Image/PhusHide@2x.png ... 
2025-06-20 11:16:26 +0000  3475 bytes for ./Payload/HrOnTips.app/assets/js/Components/Image/PhusHide@2x.png
2025-06-20 11:16:26 +0000  copying file ./Payload/HrOnTips.app/assets/js/Components/Image/teamtracker.png ... 
2025-06-20 11:16:26 +0000  27440 bytes for ./Payload/HrOnTips.app/assets/js/Components/Image/teamtracker.png
2025-06-20 11:16:26 +0000  copying file ./Payload/HrOnTips.app/assets/js/Components/Image/Done@2x.png ... 
2025-06-20 11:16:26 +0000  4805 bytes for ./Payload/HrOnTips.app/assets/js/Components/Image/Done@2x.png
2025-06-20 11:16:26 +0000  copying file ./Payload/HrOnTips.app/assets/js/Components/Image/Tick.png ... 
2025-06-20 11:16:26 +0000  586 bytes for ./Payload/HrOnTips.app/assets/js/Components/Image/Tick.png
2025-06-20 11:16:26 +0000  copying file ./Payload/HrOnTips.app/assets/js/Components/Image/Cake.png ... 
2025-06-20 11:16:26 +0000  951 bytes for ./Payload/HrOnTips.app/assets/js/Components/Image/Cake.png
2025-06-20 11:16:26 +0000  copying file ./Payload/HrOnTips.app/assets/js/Components/Image/watch@2x.png ... 
2025-06-20 11:16:26 +0000  1208 bytes for ./Payload/HrOnTips.app/assets/js/Components/Image/watch@2x.png
2025-06-20 11:16:26 +0000  copying file ./Payload/HrOnTips.app/assets/js/Components/Image/sign@3x.png ... 
2025-06-20 11:16:26 +0000  163983 bytes for ./Payload/HrOnTips.app/assets/js/Components/Image/sign@3x.png
2025-06-20 11:16:26 +0000  copying file ./Payload/HrOnTips.app/assets/js/Components/Image/Vector@2x.png ... 
2025-06-20 11:16:26 +0000  342 bytes for ./Payload/HrOnTips.app/assets/js/Components/Image/Vector@2x.png
2025-06-20 11:16:26 +0000  copying file ./Payload/HrOnTips.app/assets/js/Components/Image/homeimage@2x.png ... 
2025-06-20 11:16:26 +0000  536763 bytes for ./Payload/HrOnTips.app/assets/js/Components/Image/homeimage@2x.png
2025-06-20 11:16:26 +0000  copying file ./Payload/HrOnTips.app/assets/js/Components/Image/Payslip-Icon@2x.png ... 
2025-06-20 11:16:26 +0000  570 bytes for ./Payload/HrOnTips.app/assets/js/Components/Image/Payslip-Icon@2x.png
2025-06-20 11:16:26 +0000  copying file ./Payload/HrOnTips.app/assets/js/Components/Image/darkBackLogin2.png ... 
2025-06-20 11:16:26 +0000  714955 bytes for ./Payload/HrOnTips.app/assets/js/Components/Image/darkBackLogin2.png
2025-06-20 11:16:26 +0000  copying file ./Payload/HrOnTips.app/assets/js/Components/Image/Payslip-Icon@3x.png ... 
2025-06-20 11:16:26 +0000  585 bytes for ./Payload/HrOnTips.app/assets/js/Components/Image/Payslip-Icon@3x.png
2025-06-20 11:16:26 +0000  copying file ./Payload/HrOnTips.app/assets/js/Components/Image/Primetime.png ... 
2025-06-20 11:16:26 +0000  1635 bytes for ./Payload/HrOnTips.app/assets/js/Components/Image/Primetime.png
2025-06-20 11:16:26 +0000  copying file ./Payload/HrOnTips.app/assets/js/Components/Image/Download.png ... 
2025-06-20 11:16:26 +0000  559 bytes for ./Payload/HrOnTips.app/assets/js/Components/Image/Download.png
2025-06-20 11:16:26 +0000  copying file ./Payload/HrOnTips.app/assets/js/Components/Image/Vector@3x.png ... 
2025-06-20 11:16:26 +0000  441 bytes for ./Payload/HrOnTips.app/assets/js/Components/Image/Vector@3x.png
2025-06-20 11:16:26 +0000  copying file ./Payload/HrOnTips.app/assets/js/Components/Image/homeimage@3x.png ... 
2025-06-20 11:16:26 +0000  586007 bytes for ./Payload/HrOnTips.app/assets/js/Components/Image/homeimage@3x.png
2025-06-20 11:16:26 +0000  copying file ./Payload/HrOnTips.app/assets/js/Components/Image/watch@3x.png ... 
2025-06-20 11:16:26 +0000  1751 bytes for ./Payload/HrOnTips.app/assets/js/Components/Image/watch@3x.png
2025-06-20 11:16:26 +0000  copying file ./Payload/HrOnTips.app/assets/js/Components/Image/sign@2x.png ... 
2025-06-20 11:16:26 +0000  76028 bytes for ./Payload/HrOnTips.app/assets/js/Components/Image/sign@2x.png
2025-06-20 11:16:26 +0000  copying file ./Payload/HrOnTips.app/assets/js/Components/Image/hrontips-white.png ... 
2025-06-20 11:16:26 +0000  3322 bytes for ./Payload/HrOnTips.app/assets/js/Components/Image/hrontips-white.png
2025-06-20 11:16:26 +0000  copying file ./Payload/HrOnTips.app/assets/js/Components/Image/Done@3x.png ... 
2025-06-20 11:16:26 +0000  7252 bytes for ./Payload/HrOnTips.app/assets/js/Components/Image/Done@3x.png
2025-06-20 11:16:26 +0000  copying file ./Payload/HrOnTips.app/assets/js/Components/Image/Approve.png ... 
2025-06-20 11:16:26 +0000  3459 bytes for ./Payload/HrOnTips.app/assets/js/Components/Image/Approve.png
2025-06-20 11:16:26 +0000  copying file ./Payload/HrOnTips.app/assets/js/Components/Image/PhusHide@3x.png ... 
2025-06-20 11:16:26 +0000  5214 bytes for ./Payload/HrOnTips.app/assets/js/Components/Image/PhusHide@3x.png
2025-06-20 11:16:26 +0000  copying file ./Payload/HrOnTips.app/assets/js/Components/Image/Group.png ... 
2025-06-20 11:16:26 +0000  1207 bytes for ./Payload/HrOnTips.app/assets/js/Components/Image/Group.png
2025-06-20 11:16:26 +0000  copying file ./Payload/HrOnTips.app/assets/js/Components/Image/Bills.png ... 
2025-06-20 11:16:26 +0000  1749 bytes for ./Payload/HrOnTips.app/assets/js/Components/Image/Bills.png
2025-06-20 11:16:26 +0000  copying file ./Payload/HrOnTips.app/assets/js/Components/Image/Lock@3x.png ... 
2025-06-20 11:16:26 +0000  933 bytes for ./Payload/HrOnTips.app/assets/js/Components/Image/Lock@3x.png
2025-06-20 11:16:26 +0000  copying file ./Payload/HrOnTips.app/assets/js/Components/Image/greenapprov@2x.png ... 
2025-06-20 11:16:26 +0000  6174 bytes for ./Payload/HrOnTips.app/assets/js/Components/Image/greenapprov@2x.png
2025-06-20 11:16:26 +0000  copying file ./Payload/HrOnTips.app/assets/js/Components/Image/Clipboard.png ... 
2025-06-20 11:16:26 +0000  1374 bytes for ./Payload/HrOnTips.app/assets/js/Components/Image/Clipboard.png
2025-06-20 11:16:26 +0000  copying file ./Payload/HrOnTips.app/assets/js/Components/Image/down@2x.png ... 
2025-06-20 11:16:26 +0000  403 bytes for ./Payload/HrOnTips.app/assets/js/Components/Image/down@2x.png
2025-06-20 11:16:26 +0000  copying file ./Payload/HrOnTips.app/assets/js/Components/Image/buttonn@2x.png ... 
2025-06-20 11:16:26 +0000  44917 bytes for ./Payload/HrOnTips.app/assets/js/Components/Image/buttonn@2x.png
2025-06-20 11:16:26 +0000  copying file ./Payload/HrOnTips.app/assets/js/Components/Image/Lock.png ... 
2025-06-20 11:16:26 +0000  416 bytes for ./Payload/HrOnTips.app/assets/js/Components/Image/Lock.png
2025-06-20 11:16:26 +0000  copying file ./Payload/HrOnTips.app/assets/js/Components/Image/Profile@2x.png ... 
2025-06-20 11:16:26 +0000  1518 bytes for ./Payload/HrOnTips.app/assets/js/Components/Image/Profile@2x.png
2025-06-20 11:16:26 +0000  copying file ./Payload/HrOnTips.app/assets/js/Components/Image/Grouplogout@2x.png ... 
2025-06-20 11:16:26 +0000  750 bytes for ./Payload/HrOnTips.app/assets/js/Components/Image/Grouplogout@2x.png
2025-06-20 11:16:26 +0000  copying file ./Payload/HrOnTips.app/assets/js/Components/Image/phone@3x.png ... 
2025-06-20 11:16:26 +0000  793 bytes for ./Payload/HrOnTips.app/assets/js/Components/Image/phone@3x.png
2025-06-20 11:16:26 +0000  copying file ./Payload/HrOnTips.app/assets/js/Components/Image/startt@2x.png ... 
2025-06-20 11:16:26 +0000  79673 bytes for ./Payload/HrOnTips.app/assets/js/Components/Image/startt@2x.png
2025-06-20 11:16:26 +0000  copying file ./Payload/HrOnTips.app/assets/js/Components/Image/buttonnBacl@3x.png ... 
2025-06-20 11:16:26 +0000  467163 bytes for ./Payload/HrOnTips.app/assets/js/Components/Image/buttonnBacl@3x.png
2025-06-20 11:16:26 +0000  copying file ./Payload/HrOnTips.app/assets/js/Components/Image/greenapprov.png ... 
2025-06-20 11:16:26 +0000  2579 bytes for ./Payload/HrOnTips.app/assets/js/Components/Image/greenapprov.png
2025-06-20 11:16:26 +0000  copying file ./Payload/HrOnTips.app/assets/js/Components/Image/Payslip-Icon.png ... 
2025-06-20 11:16:26 +0000  396 bytes for ./Payload/HrOnTips.app/assets/js/Components/Image/Payslip-Icon.png
2025-06-20 11:16:26 +0000  copying file ./Payload/HrOnTips.app/assets/js/Components/Image/Locationp@3x.png ... 
2025-06-20 11:16:26 +0000  1856 bytes for ./Payload/HrOnTips.app/assets/js/Components/Image/Locationp@3x.png
2025-06-20 11:16:26 +0000  copying file ./Payload/HrOnTips.app/assets/js/Components/Image/Group@3x.png ... 
2025-06-20 11:16:26 +0000  3102 bytes for ./Payload/HrOnTips.app/assets/js/Components/Image/Group@3x.png
2025-06-20 11:16:26 +0000  copying file ./Payload/HrOnTips.app/assets/js/Components/Image/Locationp.png ... 
2025-06-20 11:16:26 +0000  650 bytes for ./Payload/HrOnTips.app/assets/js/Components/Image/Locationp.png
2025-06-20 11:16:26 +0000  copying file ./Payload/HrOnTips.app/assets/js/Components/Image/yellowapprov.png ... 
2025-06-20 11:16:26 +0000  2494 bytes for ./Payload/HrOnTips.app/assets/js/Components/Image/yellowapprov.png
2025-06-20 11:16:26 +0000  copying file ./Payload/HrOnTips.app/assets/js/Components/Image/Tick@3x.png ... 
2025-06-20 11:16:26 +0000  1569 bytes for ./Payload/HrOnTips.app/assets/js/Components/Image/Tick@3x.png
2025-06-20 11:16:26 +0000  copying file ./Payload/HrOnTips.app/assets/js/Components/Image/gted.png ... 
2025-06-20 11:16:26 +0000  2645 bytes for ./Payload/HrOnTips.app/assets/js/Components/Image/gted.png
2025-06-20 11:16:26 +0000  copying file ./Payload/HrOnTips.app/assets/js/Components/Image/arrow-right-circle_svgrepo.com@2x.png ... 
2025-06-20 11:16:26 +0000  1839 bytes for ./Payload/HrOnTips.app/assets/js/Components/Image/arrow-right-circle_svgrepo.com@2x.png
2025-06-20 11:16:26 +0000  copying file ./Payload/HrOnTips.app/assets/js/Components/Image/Page-1.png ... 
2025-06-20 11:16:26 +0000  2076 bytes for ./Payload/HrOnTips.app/assets/js/Components/Image/Page-1.png
2025-06-20 11:16:26 +0000  copying file ./Payload/HrOnTips.app/assets/js/Components/Image/Research.png ... 
2025-06-20 11:16:26 +0000  1931 bytes for ./Payload/HrOnTips.app/assets/js/Components/Image/Research.png
2025-06-20 11:16:26 +0000  copying file ./Payload/HrOnTips.app/assets/js/Components/Image/Vector.png ... 
2025-06-20 11:16:26 +0000  270 bytes for ./Payload/HrOnTips.app/assets/js/Components/Image/Vector.png
2025-06-20 11:16:26 +0000  copying file ./Payload/HrOnTips.app/assets/js/Components/Image/Reject@3x.png ... 
2025-06-20 11:16:26 +0000  36103 bytes for ./Payload/HrOnTips.app/assets/js/Components/Image/Reject@3x.png
2025-06-20 11:16:26 +0000  copying file ./Payload/HrOnTips.app/assets/js/Components/Image/Vectorgreen@3x.png ... 
2025-06-20 11:16:26 +0000  1781 bytes for ./Payload/HrOnTips.app/assets/js/Components/Image/Vectorgreen@3x.png
2025-06-20 11:16:26 +0000  copying file ./Payload/HrOnTips.app/assets/js/Components/Image/red@3x.png ... 
2025-06-20 11:16:26 +0000  9443 bytes for ./Payload/HrOnTips.app/assets/js/Components/Image/red@3x.png
2025-06-20 11:16:26 +0000  copying file ./Payload/HrOnTips.app/assets/js/Components/Image/down.png ... 
2025-06-20 11:16:26 +0000  274 bytes for ./Payload/HrOnTips.app/assets/js/Components/Image/down.png
2025-06-20 11:16:26 +0000  copying file ./Payload/HrOnTips.app/assets/js/Components/Image/hidden.png ... 
2025-06-20 11:16:26 +0000  12395 bytes for ./Payload/HrOnTips.app/assets/js/Components/Image/hidden.png
2025-06-20 11:16:26 +0000  copying file ./Payload/HrOnTips.app/assets/js/Components/Image/hrontips-white@3x.png ... 
2025-06-20 11:16:26 +0000  11038 bytes for ./Payload/HrOnTips.app/assets/js/Components/Image/hrontips-white@3x.png
2025-06-20 11:16:26 +0000  copying file ./Payload/HrOnTips.app/assets/js/Components/Image/uploadd@2x.png ... 
2025-06-20 11:16:26 +0000  960 bytes for ./Payload/HrOnTips.app/assets/js/Components/Image/uploadd@2x.png
2025-06-20 11:16:26 +0000  copying file ./Payload/HrOnTips.app/assets/js/Components/Image/backgroundBack.png ... 
2025-06-20 11:16:26 +0000  8828 bytes for ./Payload/HrOnTips.app/assets/js/Components/Image/backgroundBack.png
2025-06-20 11:16:26 +0000  copying file ./Payload/HrOnTips.app/assets/js/Components/Image/PhusHide.png ... 
2025-06-20 11:16:26 +0000  1753 bytes for ./Payload/HrOnTips.app/assets/js/Components/Image/PhusHide.png
2025-06-20 11:16:26 +0000  copying file ./Payload/HrOnTips.app/assets/js/Components/Image/Vectorred.png ... 
2025-06-20 11:16:26 +0000  615 bytes for ./Payload/HrOnTips.app/assets/js/Components/Image/Vectorred.png
2025-06-20 11:16:26 +0000  copying file ./Payload/HrOnTips.app/assets/js/Components/Image/Plus@2x.png ... 
2025-06-20 11:16:26 +0000  3586 bytes for ./Payload/HrOnTips.app/assets/js/Components/Image/Plus@2x.png
2025-06-20 11:16:26 +0000  copying file ./Payload/HrOnTips.app/assets/js/Components/Image/Download@3x.png ... 
2025-06-20 11:16:26 +0000  1376 bytes for ./Payload/HrOnTips.app/assets/js/Components/Image/Download@3x.png
2025-06-20 11:16:26 +0000  copying file ./Payload/HrOnTips.app/assets/js/Components/Image/Approve@3x.png ... 
2025-06-20 11:16:26 +0000  15716 bytes for ./Payload/HrOnTips.app/assets/js/Components/Image/Approve@3x.png
2025-06-20 11:16:26 +0000  copying file ./Payload/HrOnTips.app/assets/js/Components/Image/buttonn.png ... 
2025-06-20 11:16:26 +0000  11430 bytes for ./Payload/HrOnTips.app/assets/js/Components/Image/buttonn.png
2025-06-20 11:16:26 +0000  copying file ./Payload/HrOnTips.app/assets/js/Components/Image/Approve@2x.png ... 
2025-06-20 11:16:26 +0000  9753 bytes for ./Payload/HrOnTips.app/assets/js/Components/Image/Approve@2x.png
2025-06-20 11:16:26 +0000  copying file ./Payload/HrOnTips.app/assets/js/Components/Image/Download@2x.png ... 
2025-06-20 11:16:26 +0000  957 bytes for ./Payload/HrOnTips.app/assets/js/Components/Image/Download@2x.png
2025-06-20 11:16:26 +0000  copying file ./Payload/HrOnTips.app/assets/js/Components/Image/home.png ... 
2025-06-20 11:16:27 +0000  10364 bytes for ./Payload/HrOnTips.app/assets/js/Components/Image/home.png
2025-06-20 11:16:27 +0000  copying file ./Payload/HrOnTips.app/assets/js/Components/Image/person.png ... 
2025-06-20 11:16:27 +0000  13323 bytes for ./Payload/HrOnTips.app/assets/js/Components/Image/person.png
2025-06-20 11:16:27 +0000  copying file ./Payload/HrOnTips.app/assets/js/Components/Image/Plus@3x.png ... 
2025-06-20 11:16:27 +0000  5313 bytes for ./Payload/HrOnTips.app/assets/js/Components/Image/Plus@3x.png
2025-06-20 11:16:27 +0000  copying file ./Payload/HrOnTips.app/assets/js/Components/Image/user.png ... 
2025-06-20 11:16:27 +0000  24852 bytes for ./Payload/HrOnTips.app/assets/js/Components/Image/user.png
2025-06-20 11:16:27 +0000  copying file ./Payload/HrOnTips.app/assets/js/Components/Image/hrontips-white@2x.png ... 
2025-06-20 11:16:27 +0000  6905 bytes for ./Payload/HrOnTips.app/assets/js/Components/Image/hrontips-white@2x.png
copying file ./Payload/HrOnTips.app/assets/js/Components/Image/uploadd@3x.png ... 
2025-06-20 11:16:27 +0000  1376 bytes for ./Payload/HrOnTips.app/assets/js/Components/Image/uploadd@3x.png
copying file ./Payload/HrOnTips.app/assets/js/Components/Image/editimgBack.png ... 
2025-06-20 11:16:27 +0000  4725 bytes for ./Payload/HrOnTips.app/assets/js/Components/Image/editimgBack.png
2025-06-20 11:16:27 +0000  copying file ./Payload/HrOnTips.app/assets/js/Components/Image/approval.png ... 
2025-06-20 11:16:27 +0000  9610 bytes for ./Payload/HrOnTips.app/assets/js/Components/Image/approval.png
2025-06-20 11:16:27 +0000  copying file ./Payload/HrOnTips.app/assets/js/Components/Image/Vectorgreen@2x.png ... 
2025-06-20 11:16:27 +0000  1183 bytes for ./Payload/HrOnTips.app/assets/js/Components/Image/Vectorgreen@2x.png
2025-06-20 11:16:27 +0000  copying file ./Payload/HrOnTips.app/assets/js/Components/Image/red@2x.png ... 
2025-06-20 11:16:27 +0000  5658 bytes for ./Payload/HrOnTips.app/assets/js/Components/Image/red@2x.png
2025-06-20 11:16:27 +0000  copying file ./Payload/HrOnTips.app/assets/js/Components/Image/Reject@2x.png ... 
2025-06-20 11:16:27 +0000  17611 bytes for ./Payload/HrOnTips.app/assets/js/Components/Image/Reject@2x.png
2025-06-20 11:16:27 +0000  copying file ./Payload/HrOnTips.app/assets/js/Components/Image/Path.png ... 
2025-06-20 11:16:27 +0000  296 bytes for ./Payload/HrOnTips.app/assets/js/Components/Image/Path.png
2025-06-20 11:16:27 +0000  copying file ./Payload/HrOnTips.app/assets/js/Components/Image/arrow-right-circle_svgrepo.com@3x.png ... 
2025-06-20 11:16:27 +0000  2722 bytes for ./Payload/HrOnTips.app/assets/js/Components/Image/arrow-right-circle_svgrepo.com@3x.png
2025-06-20 11:16:27 +0000  copying file ./Payload/HrOnTips.app/assets/js/Components/Image/Tick@2x.png ... 
2025-06-20 11:16:27 +0000  1076 bytes for ./Payload/HrOnTips.app/assets/js/Components/Image/Tick@2x.png
2025-06-20 11:16:27 +0000  copying file ./Payload/HrOnTips.app/assets/js/Components/Image/sign.png ... 
2025-06-20 11:16:27 +0000  20986 bytes for ./Payload/HrOnTips.app/assets/js/Components/Image/sign.png
2025-06-20 11:16:27 +0000  copying file ./Payload/HrOnTips.app/assets/js/Components/Image/List.png ... 
2025-06-20 11:16:27 +0000  685 bytes for ./Payload/HrOnTips.app/assets/js/Components/Image/List.png
2025-06-20 11:16:27 +0000  copying file ./Payload/HrOnTips.app/assets/js/Components/Image/clockyellow.png ... 
2025-06-20 11:16:27 +0000  612 bytes for ./Payload/HrOnTips.app/assets/js/Components/Image/clockyellow.png
2025-06-20 11:16:27 +0000  copying file ./Payload/HrOnTips.app/assets/js/Components/Image/canle.png ... 
2025-06-20 11:16:27 +0000  2706 bytes for ./Payload/HrOnTips.app/assets/js/Components/Image/canle.png
2025-06-20 11:16:27 +0000  copying file ./Payload/HrOnTips.app/assets/js/Components/Image/Group@2x.png ... 
2025-06-20 11:16:27 +0000  2143 bytes for ./Payload/HrOnTips.app/assets/js/Components/Image/Group@2x.png
2025-06-20 11:16:27 +0000  copying file ./Payload/HrOnTips.app/assets/js/Components/Image/Locationp@2x.png ... 
2025-06-20 11:16:27 +0000  1284 bytes for ./Payload/HrOnTips.app/assets/js/Components/Image/Locationp@2x.png
2025-06-20 11:16:27 +0000  copying file ./Payload/HrOnTips.app/assets/js/Components/Image/lastImage.png ... 
2025-06-20 11:16:27 +0000  2415720 bytes for ./Payload/HrOnTips.app/assets/js/Components/Image/lastImage.png
2025-06-20 11:16:27 +0000  copying file ./Payload/HrOnTips.app/assets/js/Components/Image/startt@3x.png ... 
2025-06-20 11:16:27 +0000  173635 bytes for ./Payload/HrOnTips.app/assets/js/Components/Image/startt@3x.png
2025-06-20 11:16:27 +0000  copying file ./Payload/HrOnTips.app/assets/js/Components/Image/buttonnBacl@2x.png ... 
2025-06-20 11:16:27 +0000  207676 bytes for ./Payload/HrOnTips.app/assets/js/Components/Image/buttonnBacl@2x.png
2025-06-20 11:16:27 +0000  copying file ./Payload/HrOnTips.app/assets/js/Components/Image/Groupllot.png ... 
2025-06-20 11:16:27 +0000  1339 bytes for ./Payload/HrOnTips.app/assets/js/Components/Image/Groupllot.png
2025-06-20 11:16:27 +0000  copying file ./Payload/HrOnTips.app/assets/js/Components/Image/Contact.png ... 
2025-06-20 11:16:27 +0000  479 bytes for ./Payload/HrOnTips.app/assets/js/Components/Image/Contact.png
2025-06-20 11:16:27 +0000  copying file ./Payload/HrOnTips.app/assets/js/Components/Image/phone@2x.png ... 
2025-06-20 11:16:27 +0000  551 bytes for ./Payload/HrOnTips.app/assets/js/Components/Image/phone@2x.png
2025-06-20 11:16:27 +0000  copying file ./Payload/HrOnTips.app/assets/js/Components/Image/backGround.png ... 
2025-06-20 11:16:27 +0000  8900 bytes for ./Payload/HrOnTips.app/assets/js/Components/Image/backGround.png
2025-06-20 11:16:27 +0000  copying file ./Payload/HrOnTips.app/assets/js/Components/Image/Path@3x.png ... 
2025-06-20 11:16:27 +0000  540 bytes for ./Payload/HrOnTips.app/assets/js/Components/Image/Path@3x.png
2025-06-20 11:16:27 +0000  copying file ./Payload/HrOnTips.app/assets/js/Components/Image/Goo.png ... 
2025-06-20 11:16:27 +0000  9644 bytes for ./Payload/HrOnTips.app/assets/js/Components/Image/Goo.png
2025-06-20 11:16:27 +0000  copying file ./Payload/HrOnTips.app/assets/js/Components/Image/ring@2x.png ... 
2025-06-20 11:16:27 +0000  1393 bytes for ./Payload/HrOnTips.app/assets/js/Components/Image/ring@2x.png
2025-06-20 11:16:27 +0000  copying file ./Payload/HrOnTips.app/assets/js/Components/Image/promoter.png ... 
2025-06-20 11:16:27 +0000  40626 bytes for ./Payload/HrOnTips.app/assets/js/Components/Image/promoter.png
2025-06-20 11:16:27 +0000  copying file ./Payload/HrOnTips.app/assets/js/Components/Image/canle@3x.png ... 
2025-06-20 11:16:27 +0000  10947 bytes for ./Payload/HrOnTips.app/assets/js/Components/Image/canle@3x.png
2025-06-20 11:16:27 +0000  copying file ./Payload/HrOnTips.app/assets/js/Components/Image/ring.png ... 
2025-06-20 11:16:27 +0000  709 bytes for ./Payload/HrOnTips.app/assets/js/Components/Image/ring.png
2025-06-20 11:16:27 +0000  copying file ./Payload/HrOnTips.app/assets/js/Components/Image/Menu.png ... 
2025-06-20 11:16:27 +0000  959 bytes for ./Payload/HrOnTips.app/assets/js/Components/Image/Menu.png
2025-06-20 11:16:27 +0000  copying file ./Payload/HrOnTips.app/assets/js/Components/Image/buttonnBacl.png ... 
2025-06-20 11:16:27 +0000  51342 bytes for ./Payload/HrOnTips.app/assets/js/Components/Image/buttonnBacl.png
2025-06-20 11:16:27 +0000  copying file ./Payload/HrOnTips.app/assets/js/Components/Image/Done.png ... 
2025-06-20 11:16:27 +0000  2480 bytes for ./Payload/HrOnTips.app/assets/js/Components/Image/Done.png
2025-06-20 11:16:27 +0000  copying file ./Payload/HrOnTips.app/assets/js/Components/Image/Vectorred@3x.png ... 
2025-06-20 11:16:27 +0000  1425 bytes for ./Payload/HrOnTips.app/assets/js/Components/Image/Vectorred@3x.png
2025-06-20 11:16:27 +0000  copying file ./Payload/HrOnTips.app/assets/js/Components/Image/dp@2x.png ... 
2025-06-20 11:16:27 +0000  30503 bytes for ./Payload/HrOnTips.app/assets/js/Components/Image/dp@2x.png
2025-06-20 11:16:27 +0000  copying file ./Payload/HrOnTips.app/assets/js/Components/Image/Contact@2x.png ... 
2025-06-20 11:16:27 +0000  760 bytes for ./Payload/HrOnTips.app/assets/js/Components/Image/Contact@2x.png
2025-06-20 11:16:27 +0000  copying file ./Payload/HrOnTips.app/assets/js/Components/Image/Groupllot@2x.png ... 
2025-06-20 11:16:27 +0000  2348 bytes for ./Payload/HrOnTips.app/assets/js/Components/Image/Groupllot@2x.png
2025-06-20 11:16:27 +0000  copying file ./Payload/HrOnTips.app/assets/js/Components/Image/Reject.png ... 
2025-06-20 11:16:27 +0000  5480 bytes for ./Payload/HrOnTips.app/assets/js/Components/Image/Reject.png
2025-06-20 11:16:27 +0000  copying file ./Payload/HrOnTips.app/assets/js/Components/Image/sand-clock.png ... 
2025-06-20 11:16:27 +0000  13317 bytes for ./Payload/HrOnTips.app/assets/js/Components/Image/sand-clock.png
2025-06-20 11:16:27 +0000  copying file ./Payload/HrOnTips.app/assets/js/Components/Image/logo.png ... 
2025-06-20 11:16:27 +0000  12538 bytes for ./Payload/HrOnTips.app/assets/js/Components/Image/logo.png
2025-06-20 11:16:27 +0000  copying file ./Payload/HrOnTips.app/assets/js/Components/Image/Groupllot@3x.png ... 
2025-06-20 11:16:27 +0000  3403 bytes for ./Payload/HrOnTips.app/assets/js/Components/Image/Groupllot@3x.png
2025-06-20 11:16:27 +0000  copying file ./Payload/HrOnTips.app/assets/js/Components/Image/Grouplogout.png ... 
2025-06-20 11:16:27 +0000  435 bytes for ./Payload/HrOnTips.app/assets/js/Components/Image/Grouplogout.png
2025-06-20 11:16:27 +0000  copying file ./Payload/HrOnTips.app/assets/js/Components/Image/regularisation.png ... 
2025-06-20 11:16:27 +0000  1363 bytes for ./Payload/HrOnTips.app/assets/js/Components/Image/regularisation.png
2025-06-20 11:16:27 +0000  copying file ./Payload/HrOnTips.app/assets/js/Components/Image/dp@3x.png ... 
2025-06-20 11:16:27 +0000  61170 bytes for ./Payload/HrOnTips.app/assets/js/Components/Image/dp@3x.png
2025-06-20 11:16:27 +0000  copying file ./Payload/HrOnTips.app/assets/js/Components/Image/Contact@3x.png ... 
2025-06-20 11:16:27 +0000  862 bytes for ./Payload/HrOnTips.app/assets/js/Components/Image/Contact@3x.png
2025-06-20 11:16:27 +0000  copying file ./Payload/HrOnTips.app/assets/js/Components/Image/Vectorred@2x.png ... 
2025-06-20 11:16:27 +0000  1039 bytes for ./Payload/HrOnTips.app/assets/js/Components/Image/Vectorred@2x.png
2025-06-20 11:16:27 +0000  copying file ./Payload/HrOnTips.app/assets/js/Components/Image/dp.png ... 
2025-06-20 11:16:27 +0000  9875 bytes for ./Payload/HrOnTips.app/assets/js/Components/Image/dp.png
2025-06-20 11:16:27 +0000  copying file ./Payload/HrOnTips.app/assets/js/Components/Image/startt.png ... 
2025-06-20 11:16:27 +0000  22293 bytes for ./Payload/HrOnTips.app/assets/js/Components/Image/startt.png
2025-06-20 11:16:27 +0000  copying file ./Payload/HrOnTips.app/assets/js/Components/Image/Rectangl.png ... 
2025-06-20 11:16:27 +0000  5477 bytes for ./Payload/HrOnTips.app/assets/js/Components/Image/Rectangl.png
2025-06-20 11:16:27 +0000  copying file ./Payload/HrOnTips.app/assets/js/Components/Image/Profile.png ... 
2025-06-20 11:16:27 +0000  794 bytes for ./Payload/HrOnTips.app/assets/js/Components/Image/Profile.png
2025-06-20 11:16:27 +0000  copying file ./Payload/HrOnTips.app/assets/js/Components/Image/canle@2x.png ... 
2025-06-20 11:16:27 +0000  6873 bytes for ./Payload/HrOnTips.app/assets/js/Components/Image/canle@2x.png
2025-06-20 11:16:27 +0000  copying file ./Payload/HrOnTips.app/assets/js/Components/Image/eye.png ... 
2025-06-20 11:16:27 +0000  13698 bytes for ./Payload/HrOnTips.app/assets/js/Components/Image/eye.png
2025-06-20 11:16:27 +0000  copying file ./Payload/HrOnTips.app/assets/js/Components/Image/Location.png ... 
2025-06-20 11:16:27 +0000  1025 bytes for ./Payload/HrOnTips.app/assets/js/Components/Image/Location.png
2025-06-20 11:16:27 +0000  copying file ./Payload/HrOnTips.app/assets/js/Components/Image/ddssrr.png ... 
2025-06-20 11:16:27 +0000  7913 bytes for ./Payload/HrOnTips.app/assets/js/Components/Image/ddssrr.png
2025-06-20 11:16:27 +0000  copying file ./Payload/HrOnTips.app/assets/js/Components/Image/ring@3x.png ... 
2025-06-20 11:16:27 +0000  2042 bytes for ./Payload/HrOnTips.app/assets/js/Components/Image/ring@3x.png
2025-06-20 11:16:27 +0000  copying file ./Payload/HrOnTips.app/assets/js/Components/Image/phone.png ... 
2025-06-20 11:16:27 +0000  353 bytes for ./Payload/HrOnTips.app/assets/js/Components/Image/phone.png
2025-06-20 11:16:27 +0000  copying file ./Payload/HrOnTips.app/assets/js/Components/Image/Path@2x.png ... 
2025-06-20 11:16:27 +0000  430 bytes for ./Payload/HrOnTips.app/assets/js/Components/Image/Path@2x.png
2025-06-20 11:16:27 +0000  copying file ./Payload/HrOnTips.app/assets/js/Components/Image/Clock.png ... 
2025-06-20 11:16:27 +0000  1234 bytes for ./Payload/HrOnTips.app/assets/js/Components/Image/Clock.png
2025-06-20 11:16:27 +0000  copying file ./Payload/HrOnTips.app/assets/js/Components/Image/backbg.png ... 
2025-06-20 11:16:27 +0000  142205 bytes for ./Payload/HrOnTips.app/assets/js/Components/Image/backbg.png
2025-06-20 11:16:27 +0000  copying file ./Payload/HrOnTips.app/assets/js/Components/Image/Goo@2x.png ... 
2025-06-20 11:16:27 +0000  33415 bytes for ./Payload/HrOnTips.app/assets/js/Components/Image/Goo@2x.png
2025-06-20 11:16:27 +0000  copying file ./Payload/HrOnTips.app/assets/js/Components/Image/Vectorgreen.png ... 
2025-06-20 11:16:27 +0000  608 bytes for ./Payload/HrOnTips.app/assets/js/Components/Image/Vectorgreen.png
2025-06-20 11:16:27 +0000  copying file ./Payload/HrOnTips.app/assets/js/Components/Image/adjust.png ... 
2025-06-20 11:16:27 +0000  11995 bytes for ./Payload/HrOnTips.app/assets/js/Components/Image/adjust.png
2025-06-20 11:16:27 +0000  copying file ./Payload/HrOnTips.app/assets/js/Components/Image/homeimage.png ... 
2025-06-20 11:16:27 +0000  304022 bytes for ./Payload/HrOnTips.app/assets/js/Components/Image/homeimage.png
2025-06-20 11:16:27 +0000  copying file ./Payload/HrOnTips.app/assets/js/Components/Image/bbgg.png ... 
2025-06-20 11:16:27 +0000  228799 bytes for ./Payload/HrOnTips.app/assets/js/Components/Image/bbgg.png
2025-06-20 11:16:27 +0000  copying file ./Payload/HrOnTips.app/assets/js/Components/Image/yellowapprov@2x.png ... 
2025-06-20 11:16:27 +0000  6093 bytes for ./Payload/HrOnTips.app/assets/js/Components/Image/yellowapprov@2x.png
2025-06-20 11:16:27 +0000  copying file ./Payload/HrOnTips.app/assets/js/Components/Image/Page-1@3x.png ... 
2025-06-20 11:16:27 +0000  5930 bytes for ./Payload/HrOnTips.app/assets/js/Components/Image/Page-1@3x.png
2025-06-20 11:16:27 +0000  copying file ./Payload/HrOnTips.app/assets/js/Components/Image/Rted@2x.png ... 
2025-06-20 11:16:27 +0000  6203 bytes for ./Payload/HrOnTips.app/assets/js/Components/Image/Rted@2x.png
2025-06-20 11:16:27 +0000  copying file ./Payload/HrOnTips.app/assets/js/Components/Image/noti.png ... 
2025-06-20 11:16:27 +0000  488 bytes for ./Payload/HrOnTips.app/assets/js/Components/Image/noti.png
2025-06-20 11:16:27 +0000  copying file ./Payload/HrOnTips.app/assets/js/Components/Image/gted@2x.png ... 
2025-06-20 11:16:27 +0000  6310 bytes for ./Payload/HrOnTips.app/assets/js/Components/Image/gted@2x.png
2025-06-20 11:16:27 +0000  copying file ./Payload/HrOnTips.app/assets/js/Components/Image/clockyellow@3x.png ... 
2025-06-20 11:16:27 +0000  1607 bytes for ./Payload/HrOnTips.app/assets/js/Components/Image/clockyellow@3x.png
2025-06-20 11:16:27 +0000  copying file ./Payload/HrOnTips.app/assets/js/Components/Image/Rted.png ... 
2025-06-20 11:16:27 +0000  2586 bytes for ./Payload/HrOnTips.app/assets/js/Components/Image/Rted.png
2025-06-20 11:16:27 +0000  copying file ./Payload/HrOnTips.app/assets/js/Components/Image/map_svgrepo.com@3x.png ... 
2025-06-20 11:16:27 +0000  463 bytes for ./Payload/HrOnTips.app/assets/js/Components/Image/map_svgrepo.com@3x.png
2025-06-20 11:16:27 +0000  copying file ./Payload/HrOnTips.app/assets/js/Components/Image/map_svgrepo.com@2x.png ... 
2025-06-20 11:16:27 +0000  375 bytes for ./Payload/HrOnTips.app/assets/js/Components/Image/map_svgrepo.com@2x.png
2025-06-20 11:16:27 +0000  copying file ./Payload/HrOnTips.app/assets/js/Components/Image/Balloons.png ... 
2025-06-20 11:16:27 +0000  1935 bytes for ./Payload/HrOnTips.app/assets/js/Components/Image/Balloons.png
2025-06-20 11:16:27 +0000  copying file ./Payload/HrOnTips.app/assets/js/Components/Image/clockyellow@2x.png ... 
2025-06-20 11:16:27 +0000  1113 bytes for ./Payload/HrOnTips.app/assets/js/Components/Image/clockyellow@2x.png
2025-06-20 11:16:27 +0000  copying file ./Payload/HrOnTips.app/assets/js/Components/Image/gted@3x.png ... 
2025-06-20 11:16:27 +0000  10200 bytes for ./Payload/HrOnTips.app/assets/js/Components/Image/gted@3x.png
2025-06-20 11:16:27 +0000  copying file ./Payload/HrOnTips.app/assets/js/Components/Image/Rted@3x.png ... 
2025-06-20 11:16:27 +0000  9841 bytes for ./Payload/HrOnTips.app/assets/js/Components/Image/Rted@3x.png
2025-06-20 11:16:27 +0000  copying file ./Payload/HrOnTips.app/assets/js/Components/Image/Page-1@2x.png ... 
2025-06-20 11:16:27 +0000  3936 bytes for ./Payload/HrOnTips.app/assets/js/Components/Image/Page-1@2x.png
2025-06-20 11:16:27 +0000  copying file ./Payload/HrOnTips.app/assets/js/Components/Image/yellowapprov@3x.png ... 
2025-06-20 11:16:27 +0000  9978 bytes for ./Payload/HrOnTips.app/assets/js/Components/Image/yellowapprov@3x.png
2025-06-20 11:16:27 +0000  copying file ./Payload/HrOnTips.app/assets/js/Components/Image/leave.png ... 
2025-06-20 11:16:27 +0000  50786 bytes for ./Payload/HrOnTips.app/assets/js/Components/Image/leave.png
2025-06-20 11:16:27 +0000  copying file ./Payload/HrOnTips.app/assets/js/Components/Image/red.png ... 
2025-06-20 11:16:27 +0000  2340 bytes for ./Payload/HrOnTips.app/assets/js/Components/Image/red.png
2025-06-20 11:16:27 +0000  copying file ./Payload/HrOnTips.app/assets/js/Components/Image/firework.png ... 
2025-06-20 11:16:27 +0000  26190 bytes for ./Payload/HrOnTips.app/assets/js/Components/Image/firework.png
2025-06-20 11:16:27 +0000  copying file ./Payload/HrOnTips.app/assets/js/Components/Image/padlock.png ... 
2025-06-20 11:16:27 +0000  9362 bytes for ./Payload/HrOnTips.app/assets/js/Components/Image/padlock.png
2025-06-20 11:16:27 +0000  copying file ./Payload/HrOnTips.app/assets/js/Components/Image/bannerrr.png ... 
2025-06-20 11:16:27 +0000  7079238 bytes for ./Payload/HrOnTips.app/assets/js/Components/Image/bannerrr.png
2025-06-20 11:16:27 +0000  copying file ./Payload/HrOnTips.app/assets/js/Components/Image/Goo@3x.png ... 
2025-06-20 11:16:27 +0000  69040 bytes for ./Payload/HrOnTips.app/assets/js/Components/Image/Goo@3x.png
2025-06-20 11:16:27 +0000  copying file ./Payload/HrOnTips.app/assets/node_modules/@react-navigation/elements/src/assets/back-icon@3x.png ... 
2025-06-20 11:16:27 +0000  761 bytes for ./Payload/HrOnTips.app/assets/node_modules/@react-navigation/elements/src/assets/back-icon@3x.png
2025-06-20 11:16:27 +0000  copying file ./Payload/HrOnTips.app/assets/node_modules/@react-navigation/elements/src/assets/back-icon@2x.png ... 
2025-06-20 11:16:27 +0000  405 bytes for ./Payload/HrOnTips.app/assets/node_modules/@react-navigation/elements/src/assets/back-icon@2x.png
2025-06-20 11:16:27 +0000  copying file ./Payload/HrOnTips.app/assets/node_modules/@react-navigation/elements/src/assets/back-icon.png ... 
2025-06-20 11:16:27 +0000  290 bytes for ./Payload/HrOnTips.app/assets/node_modules/@react-navigation/elements/src/assets/back-icon.png
2025-06-20 11:16:27 +0000  copying file ./Payload/HrOnTips.app/assets/node_modules/@react-navigation/elements/src/assets/back-icon-mask.png ... 
2025-06-20 11:16:27 +0000  913 bytes for ./Payload/HrOnTips.app/assets/node_modules/@react-navigation/elements/src/assets/back-icon-mask.png
2025-06-20 11:16:27 +0000  copying file ./Payload/HrOnTips.app/assets/node_modules/react-native-calendars/src/calendar/img/previous@2x.png ... 
2025-06-20 11:16:27 +0000  458 bytes for ./Payload/HrOnTips.app/assets/node_modules/react-native-calendars/src/calendar/img/previous@2x.png
2025-06-20 11:16:27 +0000  copying file ./Payload/HrOnTips.app/assets/node_modules/react-native-calendars/src/calendar/img/next@2x.png ... 
2025-06-20 11:16:27 +0000  462 bytes for ./Payload/HrOnTips.app/assets/node_modules/react-native-calendars/src/calendar/img/next@2x.png
2025-06-20 11:16:27 +0000  copying file ./Payload/HrOnTips.app/assets/node_modules/react-native-calendars/src/img/down@3x.png ... 
2025-06-20 11:16:27 +0000  508 bytes for ./Payload/HrOnTips.app/assets/node_modules/react-native-calendars/src/img/down@3x.png
2025-06-20 11:16:27 +0000  copying file ./Payload/HrOnTips.app/assets/node_modules/react-native-calendars/src/img/down@2x.png ... 
2025-06-20 11:16:27 +0000  354 bytes for ./Payload/HrOnTips.app/assets/node_modules/react-native-calendars/src/img/down@2x.png
2025-06-20 11:16:27 +0000  copying file ./Payload/HrOnTips.app/assets/node_modules/react-native-calendars/src/img/up.png ... 
2025-06-20 11:16:27 +0000  215 bytes for ./Payload/HrOnTips.app/assets/node_modules/react-native-calendars/src/img/up.png
2025-06-20 11:16:27 +0000  copying file ./Payload/HrOnTips.app/assets/node_modules/react-native-calendars/src/img/down.png ... 
2025-06-20 11:16:27 +0000  208 bytes for ./Payload/HrOnTips.app/assets/node_modules/react-native-calendars/src/img/down.png
2025-06-20 11:16:27 +0000  copying file ./Payload/HrOnTips.app/assets/node_modules/react-native-calendars/src/img/up@2x.png ... 
2025-06-20 11:16:27 +0000  347 bytes for ./Payload/HrOnTips.app/assets/node_modules/react-native-calendars/src/img/up@2x.png
2025-06-20 11:16:27 +0000  copying file ./Payload/HrOnTips.app/assets/node_modules/react-native-calendars/src/img/up@3x.png ... 
2025-06-20 11:16:27 +0000  504 bytes for ./Payload/HrOnTips.app/assets/node_modules/react-native-calendars/src/img/up@3x.png
2025-06-20 11:16:27 +0000  copying file ./Payload/HrOnTips.app/assets/node_modules/react-native-country-picker-modal/lib/assets/images/close.android.png ... 
2025-06-20 11:16:27 +0000  2156 bytes for ./Payload/HrOnTips.app/assets/node_modules/react-native-country-picker-modal/lib/assets/images/close.android.png
2025-06-20 11:16:27 +0000  copying file ./Payload/HrOnTips.app/assets/node_modules/react-native-country-picker-modal/lib/assets/images/close.png ... 
2025-06-20 11:16:27 +0000  1204 bytes for ./Payload/HrOnTips.app/assets/node_modules/react-native-country-picker-modal/lib/assets/images/close.png
2025-06-20 11:16:27 +0000  copying file ./Payload/HrOnTips.app/Info.plist ... 
2025-06-20 11:16:27 +0000  4288 bytes for ./Payload/HrOnTips.app/Info.plist
2025-06-20 11:16:27 +0000  copying file ./Payload/HrOnTips.app/PkgInfo ... 
2025-06-20 11:16:27 +0000  8 bytes for ./Payload/HrOnTips.app/PkgInfo
2025-06-20 11:16:27 +0000  copying file ./Payload/HrOnTips.app/MaterialIcons.ttf ... 
2025-06-20 11:16:27 +0000  230384 bytes for ./Payload/HrOnTips.app/MaterialIcons.ttf
2025-06-20 11:16:27 +0000  copying file ./Payload/HrOnTips.app/WorkSans-Bold.ttf ... 
2025-06-20 11:16:27 +0000  143920 bytes for ./Payload/HrOnTips.app/WorkSans-Bold.ttf
2025-06-20 11:16:27 +0000  /usr/bin/ditto exited with 0
2025-06-20 11:16:27 +0000  Processing step: IDEDistributionAppStoreInformationStep
2025-06-20 11:16:27 +0000  Skipping step: IDEDistributionAppStoreInformationStep because it said so
2025-06-20 11:16:27 +0000  Processing step: IDEDistributionGenerateProcessedDistributionItems
2025-06-20 11:16:27 +0000  IDEDistributionItem init <DVTFilePath:0x60000fa028b0:'/var/folders/7b/td5rhl0n0q77zm2zg4c8yqgc0000gp/T/XcodeDistPipeline.~~~E9USoK/Root/Payload/HrOnTips.app/Frameworks/OneSignalOutcomes.framework'>
2025-06-20 11:16:27 +0000  IDEDistributionItem init <DVTFilePath:0x600013a9e840:'/var/folders/7b/td5rhl0n0q77zm2zg4c8yqgc0000gp/T/XcodeDistPipeline.~~~E9USoK/Root/Payload/HrOnTips.app/Frameworks/OneSignal.framework'>
2025-06-20 11:16:27 +0000  IDEDistributionItem init <DVTFilePath:0x600013a9fb10:'/var/folders/7b/td5rhl0n0q77zm2zg4c8yqgc0000gp/T/XcodeDistPipeline.~~~E9USoK/Root/Payload/HrOnTips.app/Frameworks/OneSignalCore.framework'>
2025-06-20 11:16:27 +0000  IDEDistributionItem init <DVTFilePath:0x600013a13020:'/var/folders/7b/td5rhl0n0q77zm2zg4c8yqgc0000gp/T/XcodeDistPipeline.~~~E9USoK/Root/Payload/HrOnTips.app/Frameworks/OneSignalExtension.framework'>
2025-06-20 11:16:27 +0000  IDEDistributionItem init <DVTFilePath:0x60003756dbc0:'/var/folders/7b/td5rhl0n0q77zm2zg4c8yqgc0000gp/T/XcodeDistPipeline.~~~E9USoK/Root/Payload/HrOnTips.app'>
2025-06-20 11:16:27 +0000  Processing step: IDEDistributionCreateManifestStep
